,Atomic Radii,Electronegativity,Ionization Energy,Row Number,Column Number,Valence Electrons,Atomic Number,Is Metalloid,Is Transition,Is Post Transition,Is Metal,Is Alkaline,Unary1,Unary2
Ag-Al,0.47,0.31999999999999984,1.590465,2.0,2.0,0.0,34.0,0.0,0.5,0.5,1.0,0.0,0.0304,0.0931
Ag-As,0.51,0.2500000000000002,2.2123160000000004,1.0,4.0,2.0,14.0,0.5,0.5,0.0,0.5,0.0,0.0304,0.0
Ag-Au,0.09000000000000008,0.6100000000000001,1.6493200000000003,1.0,0.0,0.0,32.0,0.0,1.0,0.0,1.0,0.0,0.0304,0.0211
Ag-Bi,0.21999999999999997,0.09000000000000008,0.29071800000000003,1.0,4.0,2.0,36.0,0.0,0.5,0.5,1.0,0.0,0.0304,0.0
Ag-Cd,0.039999999999999813,0.24,1.4175859999999991,0.0,1.0,1.0,1.0,0.0,1.0,0.0,1.0,0.0,0.0304,0.0507
Ag-Co,0.1299999999999999,0.050000000000000044,0.3047759999999995,1.0,2.0,1.0,20.0,0.0,1.0,0.0,1.0,0.0,0.0304,0.0893
Ag-Cr,0.010000000000000009,0.27,0.8097240000000001,1.0,5.0,0.0,23.0,0.0,1.0,0.0,1.0,0.0,0.0304,0.0
Ag-Cu,0.19999999999999996,0.030000000000000027,0.15014599999999945,1.0,0.0,0.0,18.0,0.0,1.0,0.0,1.0,0.0,0.0304,0.0342
Ag-Fe,0.08999999999999986,0.09999999999999987,0.32623409999999975,1.0,3.0,1.0,21.0,0.0,1.0,0.0,1.0,0.0,0.0304,0.0
Ag-Ga,0.2899999999999998,0.11999999999999988,1.5769320000000002,1.0,2.0,0.0,16.0,0.0,0.5,0.5,1.0,0.0,0.0304,0.015
Ag-Ge,0.3999999999999999,0.07999999999999985,0.32320100000000007,1.0,3.0,1.0,15.0,0.5,0.5,0.0,0.5,0.0,0.0304,0.012
Ag-Hf,0.43000000000000016,0.6299999999999999,0.7511640000000002,1.0,7.0,1.0,25.0,0.0,1.0,0.0,1.0,0.0,0.0304,0.1786
Ag-Hg,0.06000000000000005,0.07000000000000006,2.86127,1.0,1.0,1.0,33.0,0.0,1.0,0.0,1.0,0.0,0.0304,0.0035
Ag-In,0.08999999999999986,0.1499999999999999,1.7898783000000007,0.0,2.0,0.0,2.0,0.0,0.5,0.5,1.0,0.0,0.0304,0.0107
Ag-Ir,0.15000000000000013,0.27000000000000024,1.3907859999999994,1.0,2.0,1.0,30.0,0.0,1.0,0.0,1.0,0.0,0.0304,0.619
Ag-Mg,0.19999999999999996,0.6199999999999999,0.07000199999999968,2.0,9.0,1.0,35.0,0.0,0.5,0.0,1.0,0.5,0.0304,0.0287
Ag-Mn,0.039999999999999813,0.3799999999999999,0.1421960000000002,1.0,4.0,1.0,22.0,0.0,1.0,0.0,1.0,0.0,0.0304,0.0975
Ag-Mo,0.25,0.2300000000000002,0.4838040000000001,0.0,5.0,0.0,5.0,0.0,1.0,0.0,1.0,0.0,0.0304,0.0
Ag-Nb,0.33000000000000007,0.32999999999999985,0.8173840000000006,0.0,6.0,0.0,6.0,0.0,1.0,0.0,1.0,0.0,0.0304,0.0
Ag-Ni,0.15999999999999992,0.020000000000000018,0.06364400000000003,1.0,1.0,1.0,19.0,0.0,1.0,0.0,1.0,0.0,0.0304,0.0944
Ag-Os,0.20000000000000018,0.27000000000000024,0.8619960000000004,1.0,3.0,1.0,29.0,0.0,1.0,0.0,1.0,0.0,0.0304,0.8884
Ag-Pb,0.10999999999999988,0.40000000000000013,0.15955410000000025,1.0,3.0,1.0,35.0,0.0,0.5,0.5,1.0,0.0,0.0304,0.0422
Ag-Pd,0.040000000000000036,0.27000000000000024,0.7606049999999991,0.0,1.0,9.0,1.0,0.0,1.0,0.0,1.0,0.0,0.0304,0.0493
Ag-Pt,0.1200000000000001,0.34999999999999987,1.3825960000000004,1.0,1.0,0.0,31.0,0.0,1.0,0.0,1.0,0.0,0.0304,0.1002
Ag-Re,0.22999999999999998,0.030000000000000027,0.2572859999999997,1.0,4.0,1.0,28.0,0.0,1.0,0.0,1.0,0.0,0.0304,0.3144
Ag-Rh,0.08000000000000007,0.34999999999999987,0.1173340000000005,0.0,2.0,0.0,2.0,0.0,1.0,0.0,1.0,0.0,0.0304,0.3299
Ag-Ru,0.13000000000000012,0.27000000000000024,0.21573400000000031,0.0,3.0,0.0,3.0,0.0,1.0,0.0,1.0,0.0,0.0304,0.6074
Ag-Sb,0.31999999999999984,0.11999999999999988,1.0321550000000004,0.0,4.0,2.0,4.0,0.5,0.5,0.0,0.5,0.0,0.0304,0.0
Ag-Sc,0.19000000000000017,0.5699999999999998,1.0147440000000003,1.0,8.0,1.0,26.0,0.0,1.0,0.0,1.0,0.0,0.0304,0.1053
Ag-Si,0.5399999999999998,0.030000000000000027,0.5754460000000003,2.0,3.0,1.0,33.0,0.5,0.5,0.0,0.5,0.0,0.0304,0.0109
Ag-Sn,0.19999999999999996,0.030000000000000027,0.23231599999999997,0.0,3.0,1.0,3.0,0.0,0.5,0.5,1.0,0.0,0.0304,0.0132
Ag-Ta,0.3500000000000001,0.42999999999999994,0.026663000000000103,1.0,6.0,1.0,26.0,0.0,1.0,0.0,1.0,0.0,0.0304,0.0
Ag-Te,0.41999999999999993,0.17000000000000015,1.4335739999999992,0.0,5.0,3.0,5.0,0.5,0.5,0.0,0.5,0.0,0.0304,0.1307
Ag-Ti,0.1100000000000001,0.3899999999999999,0.7481140000000002,1.0,7.0,1.0,25.0,0.0,1.0,0.0,1.0,0.0,0.0304,0.1078
Ag-V,0.06000000000000005,0.30000000000000004,0.8300470000000004,1.0,6.0,1.0,24.0,0.0,1.0,0.0,1.0,0.0,0.0304,0.0
Ag-W,0.28,0.42999999999999994,0.2877959999999993,1.0,5.0,1.0,27.0,0.0,1.0,0.0,1.0,0.0,0.0304,0.0
Ag-Y,0.4700000000000002,0.71,1.3589740000000008,0.0,8.0,1.0,8.0,0.0,1.0,0.0,1.0,0.0,0.0304,0.1242
Ag-Zn,0.22999999999999998,0.28,1.8179629999999998,1.0,1.0,1.0,17.0,0.0,1.0,0.0,1.0,0.0,0.0304,0.0677
Ag-Zr,0.41000000000000014,0.5999999999999999,0.9421080000000002,0.0,7.0,1.0,7.0,0.0,1.0,0.0,1.0,0.0,0.0304,0.0808
Al-As,0.040000000000000036,0.5700000000000001,3.8027810000000004,1.0,2.0,2.0,20.0,0.5,0.0,0.5,0.5,0.0,0.0931,0.0
Al-Au,0.56,0.9299999999999999,3.2397850000000004,3.0,2.0,0.0,66.0,0.0,0.5,0.5,1.0,0.0,0.0931,0.0211
Al-Bi,0.25,0.4099999999999999,1.299747,3.0,2.0,2.0,70.0,0.0,0.0,1.0,1.0,0.0,0.0931,0.0
Al-Cd,0.43000000000000016,0.07999999999999985,3.008050999999999,2.0,1.0,1.0,35.0,0.0,0.5,0.5,1.0,0.0,0.0931,0.0507
Al-Co,0.3400000000000001,0.2699999999999998,1.8952409999999995,1.0,4.0,1.0,14.0,0.0,0.5,0.5,1.0,0.0,0.0931,0.0893
Al-Cr,0.48,0.04999999999999982,0.7807409999999999,1.0,7.0,0.0,11.0,0.0,0.5,0.5,1.0,0.0,0.0931,0.0
Al-Cu,0.27,0.2899999999999998,1.7406109999999995,1.0,2.0,0.0,16.0,0.0,0.5,0.5,1.0,0.0,0.0931,0.0342
Al-Fe,0.3800000000000001,0.21999999999999997,1.9166990999999998,1.0,5.0,1.0,13.0,0.0,0.5,0.5,1.0,0.0,0.0931,0.0
Al-Ga,0.18000000000000016,0.19999999999999996,0.013532999999999795,1.0,0.0,0.0,18.0,0.0,0.0,1.0,1.0,0.0,0.0931,0.015
Al-Ge,0.07000000000000006,0.3999999999999997,1.913666,1.0,1.0,1.0,19.0,0.5,0.0,0.5,0.5,0.0,0.0931,0.012
Al-Hf,0.9000000000000001,0.31000000000000005,0.8393009999999999,3.0,9.0,1.0,59.0,0.0,0.5,0.5,1.0,0.0,0.0931,0.1786
Al-Hg,0.53,0.3899999999999999,4.451735,3.0,1.0,1.0,67.0,0.0,0.5,0.5,1.0,0.0,0.0931,0.0035
Al-In,0.3800000000000001,0.16999999999999993,0.19941330000000068,2.0,0.0,0.0,36.0,0.0,0.0,1.0,1.0,0.0,0.0931,0.0107
Al-Ir,0.6200000000000001,0.5900000000000001,2.9812509999999994,3.0,4.0,1.0,64.0,0.0,0.5,0.5,1.0,0.0,0.0931,0.619
Al-Mg,0.27,0.30000000000000004,1.6604669999999997,0.0,11.0,1.0,1.0,0.0,0.0,0.5,1.0,0.5,0.0931,0.0287
Al-Mn,0.43000000000000016,0.06000000000000005,1.4482689999999998,1.0,6.0,1.0,12.0,0.0,0.5,0.5,1.0,0.0,0.0931,0.0975
Al-Mo,0.72,0.55,1.106661,2.0,7.0,0.0,29.0,0.0,0.5,0.5,1.0,0.0,0.0931,0.0
Al-Nb,0.8,0.010000000000000009,0.7730809999999995,2.0,8.0,0.0,28.0,0.0,0.5,0.5,1.0,0.0,0.0931,0.0
Al-Ni,0.31000000000000005,0.2999999999999998,1.654109,1.0,3.0,1.0,15.0,0.0,0.5,0.5,1.0,0.0,0.0931,0.0944
Al-Os,0.6700000000000002,0.5900000000000001,2.4524610000000004,3.0,5.0,1.0,63.0,0.0,0.5,0.5,1.0,0.0,0.0931,0.8884
Al-Pb,0.3600000000000001,0.72,1.4309108999999998,3.0,1.0,1.0,69.0,0.0,0.0,1.0,1.0,0.0,0.0931,0.0422
Al-Pd,0.51,0.5900000000000001,2.351069999999999,2.0,3.0,9.0,33.0,0.0,0.5,0.5,1.0,0.0,0.0931,0.0493
Al-Pt,0.5900000000000001,0.6699999999999997,2.9730610000000004,3.0,3.0,0.0,65.0,0.0,0.5,0.5,1.0,0.0,0.0931,0.1002
Al-Re,0.7,0.2899999999999998,1.8477509999999997,3.0,6.0,1.0,62.0,0.0,0.5,0.5,1.0,0.0,0.0931,0.3144
Al-Rh,0.55,0.6699999999999997,1.4731309999999995,2.0,4.0,0.0,32.0,0.0,0.5,0.5,1.0,0.0,0.0931,0.3299
Al-Ru,0.6000000000000001,0.5900000000000001,1.3747309999999997,2.0,5.0,0.0,31.0,0.0,0.5,0.5,1.0,0.0,0.0931,0.6074
Al-Sb,0.15000000000000013,0.4399999999999997,2.6226200000000004,2.0,2.0,2.0,38.0,0.5,0.0,0.5,0.5,0.0,0.0931,0.0
Al-Sc,0.6600000000000001,0.25,0.5757209999999997,1.0,10.0,1.0,8.0,0.0,0.5,0.5,1.0,0.0,0.0931,0.1053
Al-Si,0.06999999999999984,0.2899999999999998,2.1659110000000004,0.0,1.0,1.0,1.0,0.5,0.0,0.5,0.5,0.0,0.0931,0.0109
Al-Sn,0.27,0.34999999999999987,1.358149,2.0,1.0,1.0,37.0,0.0,0.0,1.0,1.0,0.0,0.0931,0.0132
Al-Ta,0.8200000000000001,0.1100000000000001,1.563802,3.0,8.0,1.0,60.0,0.0,0.5,0.5,1.0,0.0,0.0931,0.0
Al-Te,0.050000000000000044,0.49,3.0240389999999993,2.0,3.0,3.0,39.0,0.5,0.0,0.5,0.5,0.0,0.0931,0.1307
Al-Ti,0.5800000000000001,0.07000000000000006,0.8423509999999998,1.0,9.0,1.0,9.0,0.0,0.5,0.5,1.0,0.0,0.0931,0.1078
Al-V,0.53,0.019999999999999796,0.7604179999999996,1.0,8.0,1.0,10.0,0.0,0.5,0.5,1.0,0.0,0.0931,0.0
Al-W,0.75,0.7499999999999998,1.8782609999999993,3.0,7.0,1.0,61.0,0.0,0.5,0.5,1.0,0.0,0.0931,0.0
Al-Y,0.9400000000000002,0.3900000000000001,0.23149099999999923,2.0,10.0,1.0,26.0,0.0,0.5,0.5,1.0,0.0,0.0931,0.1242
Al-Zn,0.24,0.039999999999999813,3.408428,1.0,1.0,1.0,17.0,0.0,0.5,0.5,1.0,0.0,0.0931,0.0677
Al-Zr,0.8800000000000001,0.28,0.6483569999999999,2.0,9.0,1.0,27.0,0.0,0.5,0.5,1.0,0.0,0.0931,0.0808
As-Au,0.6000000000000001,0.3599999999999999,0.562996,2.0,4.0,2.0,46.0,0.5,0.5,0.0,0.5,0.0,0.0,0.0211
As-Bi,0.29000000000000004,0.16000000000000014,2.5030340000000004,2.0,0.0,0.0,50.0,0.5,0.0,0.5,0.5,0.0,0.0,0.0
As-Cd,0.4700000000000002,0.4900000000000002,0.7947300000000013,1.0,3.0,1.0,15.0,0.5,0.5,0.0,0.5,0.0,0.0,0.0507
As-Co,0.3800000000000001,0.30000000000000027,1.907540000000001,0.0,6.0,1.0,6.0,0.5,0.5,0.0,0.5,0.0,0.0,0.0893
As-Cr,0.52,0.5200000000000002,3.0220400000000005,0.0,9.0,2.0,9.0,0.5,0.5,0.0,0.5,0.0,0.0,0.0
As-Cu,0.31000000000000005,0.28000000000000025,2.062170000000001,0.0,4.0,2.0,4.0,0.5,0.5,0.0,0.5,0.0,0.0,0.0342
As-Fe,0.42000000000000015,0.3500000000000001,1.8860819000000006,0.0,7.0,1.0,7.0,0.5,0.5,0.0,0.5,0.0,0.0,0.0
As-Ga,0.2200000000000002,0.3700000000000001,3.7892480000000006,0.0,2.0,2.0,2.0,0.5,0.0,0.5,0.5,0.0,0.0,0.015
As-Ge,0.1100000000000001,0.17000000000000037,1.8891150000000003,0.0,1.0,1.0,1.0,1.0,0.0,0.0,0.0,0.0,0.0,0.012
As-Hf,0.9400000000000002,0.8800000000000001,2.9634800000000006,2.0,11.0,1.0,39.0,0.5,0.5,0.0,0.5,0.0,0.0,0.1786
As-Hg,0.5700000000000001,0.18000000000000016,0.6489539999999998,2.0,3.0,1.0,47.0,0.5,0.5,0.0,0.5,0.0,0.0,0.0035
As-In,0.42000000000000015,0.40000000000000013,4.002194300000001,1.0,2.0,2.0,16.0,0.5,0.0,0.5,0.5,0.0,0.0,0.0107
As-Ir,0.6600000000000001,0.020000000000000018,0.821530000000001,2.0,6.0,1.0,44.0,0.5,0.5,0.0,0.5,0.0,0.0,0.619
As-Mg,0.31000000000000005,0.8700000000000001,2.1423140000000007,1.0,13.0,1.0,21.0,0.5,0.0,0.0,0.5,0.5,0.0,0.0287
As-Mn,0.4700000000000002,0.6300000000000001,2.3545120000000006,0.0,8.0,1.0,8.0,0.5,0.5,0.0,0.5,0.0,0.0,0.0975
As-Mo,0.76,0.020000000000000018,2.6961200000000005,1.0,9.0,2.0,9.0,0.5,0.5,0.0,0.5,0.0,0.0,0.0
As-Nb,0.8400000000000001,0.5800000000000001,3.029700000000001,1.0,10.0,2.0,8.0,0.5,0.5,0.0,0.5,0.0,0.0,0.0
As-Ni,0.3500000000000001,0.27000000000000024,2.1486720000000004,0.0,5.0,1.0,5.0,0.5,0.5,0.0,0.5,0.0,0.0,0.0944
As-Os,0.7100000000000002,0.020000000000000018,1.35032,2.0,7.0,1.0,43.0,0.5,0.5,0.0,0.5,0.0,0.0,0.8884
As-Pb,0.40000000000000013,0.1499999999999999,2.3718701000000006,2.0,1.0,1.0,49.0,0.5,0.0,0.5,0.5,0.0,0.0,0.0422
As-Pd,0.55,0.020000000000000018,1.4517110000000013,1.0,5.0,7.0,13.0,0.5,0.5,0.0,0.5,0.0,0.0,0.0493
As-Pt,0.6300000000000001,0.09999999999999964,0.82972,2.0,5.0,2.0,45.0,0.5,0.5,0.0,0.5,0.0,0.0,0.1002
As-Re,0.74,0.28000000000000025,1.9550300000000007,2.0,8.0,1.0,42.0,0.5,0.5,0.0,0.5,0.0,0.0,0.3144
As-Rh,0.5900000000000001,0.09999999999999964,2.329650000000001,1.0,6.0,2.0,12.0,0.5,0.5,0.0,0.5,0.0,0.0,0.3299
As-Ru,0.6400000000000001,0.020000000000000018,2.4280500000000007,1.0,7.0,2.0,11.0,0.5,0.5,0.0,0.5,0.0,0.0,0.6074
As-Sb,0.19000000000000017,0.13000000000000034,1.180161,1.0,0.0,0.0,18.0,1.0,0.0,0.0,0.0,0.0,0.0,0.0
As-Sc,0.7000000000000002,0.8200000000000001,3.2270600000000007,0.0,12.0,1.0,12.0,0.5,0.5,0.0,0.5,0.0,0.0,0.1053
As-Si,0.029999999999999805,0.28000000000000025,1.63687,1.0,1.0,1.0,19.0,1.0,0.0,0.0,0.0,0.0,0.0,0.0109
As-Sn,0.31000000000000005,0.2200000000000002,2.4446320000000004,1.0,1.0,1.0,17.0,0.5,0.0,0.5,0.5,0.0,0.0,0.0132
As-Ta,0.8600000000000001,0.6800000000000002,2.2389790000000005,2.0,10.0,1.0,40.0,0.5,0.5,0.0,0.5,0.0,0.0,0.0
As-Te,0.09000000000000008,0.08000000000000007,0.7787420000000012,1.0,1.0,1.0,19.0,1.0,0.0,0.0,0.0,0.0,0.0,0.1307
As-Ti,0.6200000000000001,0.6400000000000001,2.9604300000000006,0.0,11.0,1.0,11.0,0.5,0.5,0.0,0.5,0.0,0.0,0.1078
As-V,0.5700000000000001,0.5500000000000003,3.042363000000001,0.0,10.0,1.0,10.0,0.5,0.5,0.0,0.5,0.0,0.0,0.0
As-W,0.79,0.17999999999999972,1.9245200000000011,2.0,9.0,1.0,41.0,0.5,0.5,0.0,0.5,0.0,0.0,0.0
As-Y,0.9800000000000002,0.9600000000000002,3.571290000000001,1.0,12.0,1.0,6.0,0.5,0.5,0.0,0.5,0.0,0.0,0.1242
As-Zn,0.28,0.5300000000000002,0.3943530000000006,0.0,3.0,1.0,3.0,0.5,0.5,0.0,0.5,0.0,0.0,0.0677
As-Zr,0.9200000000000002,0.8500000000000001,3.1544240000000006,1.0,11.0,1.0,7.0,0.5,0.5,0.0,0.5,0.0,0.0,0.0808
Au-Bi,0.31000000000000005,0.52,1.9400380000000004,0.0,4.0,2.0,4.0,0.0,0.5,0.5,1.0,0.0,0.0211,0.0
Au-Cd,0.1299999999999999,0.8500000000000001,0.23173400000000122,1.0,1.0,1.0,31.0,0.0,1.0,0.0,1.0,0.0,0.0211,0.0507
Au-Co,0.21999999999999997,0.6600000000000001,1.3445440000000008,2.0,2.0,1.0,52.0,0.0,1.0,0.0,1.0,0.0,0.0211,0.0893
Au-Cr,0.08000000000000007,0.8800000000000001,2.4590440000000005,2.0,5.0,0.0,55.0,0.0,1.0,0.0,1.0,0.0,0.0211,0.0
Au-Cu,0.29000000000000004,0.6400000000000001,1.499174000000001,2.0,0.0,0.0,50.0,0.0,1.0,0.0,1.0,0.0,0.0211,0.0342
Au-Fe,0.17999999999999994,0.71,1.3230859000000006,2.0,3.0,1.0,53.0,0.0,1.0,0.0,1.0,0.0,0.0211,0.0
Au-Ga,0.3799999999999999,0.73,3.2262520000000006,2.0,2.0,0.0,48.0,0.0,0.5,0.5,1.0,0.0,0.0211,0.015
Au-Ge,0.49,0.5300000000000002,1.3261190000000003,2.0,3.0,1.0,47.0,0.5,0.5,0.0,0.5,0.0,0.0211,0.012
Au-Hf,0.3400000000000001,1.24,2.4004840000000005,0.0,7.0,1.0,7.0,0.0,1.0,0.0,1.0,0.0,0.0211,0.1786
Au-Hg,0.030000000000000027,0.54,1.2119499999999999,0.0,1.0,1.0,1.0,0.0,1.0,0.0,1.0,0.0,0.0211,0.0035
Au-In,0.17999999999999994,0.76,3.439198300000001,1.0,2.0,0.0,30.0,0.0,0.5,0.5,1.0,0.0,0.0211,0.0107
Au-Ir,0.06000000000000005,0.33999999999999986,0.25853400000000093,0.0,2.0,1.0,2.0,0.0,1.0,0.0,1.0,0.0,0.0211,0.619
Au-Mg,0.29000000000000004,1.23,1.5793180000000007,3.0,9.0,1.0,67.0,0.0,0.5,0.0,1.0,0.5,0.0211,0.0287
Au-Mn,0.1299999999999999,0.99,1.7915160000000006,2.0,4.0,1.0,54.0,0.0,1.0,0.0,1.0,0.0,0.0211,0.0975
Au-Mo,0.15999999999999992,0.3799999999999999,2.1331240000000005,1.0,5.0,0.0,37.0,0.0,1.0,0.0,1.0,0.0,0.0211,0.0
Au-Nb,0.24,0.94,2.466704000000001,1.0,6.0,0.0,38.0,0.0,1.0,0.0,1.0,0.0,0.0211,0.0
Au-Ni,0.25,0.6300000000000001,1.5856760000000003,2.0,1.0,1.0,51.0,0.0,1.0,0.0,1.0,0.0,0.0211,0.0944
Au-Os,0.1100000000000001,0.33999999999999986,0.7873239999999999,0.0,3.0,1.0,3.0,0.0,1.0,0.0,1.0,0.0,0.0211,0.8884
Au-Pb,0.19999999999999996,0.20999999999999996,1.8088741000000006,0.0,3.0,1.0,3.0,0.0,0.5,0.5,1.0,0.0,0.0211,0.0422
Au-Pd,0.050000000000000044,0.33999999999999986,0.8887150000000013,1.0,1.0,9.0,33.0,0.0,1.0,0.0,1.0,0.0,0.0211,0.0493
Au-Pt,0.030000000000000027,0.26000000000000023,0.26672399999999996,0.0,1.0,0.0,1.0,0.0,1.0,0.0,1.0,0.0,0.0211,0.1002
Au-Re,0.1399999999999999,0.6400000000000001,1.3920340000000007,0.0,4.0,1.0,4.0,0.0,1.0,0.0,1.0,0.0,0.0211,0.3144
Au-Rh,0.010000000000000009,0.26000000000000023,1.7666540000000008,1.0,2.0,0.0,34.0,0.0,1.0,0.0,1.0,0.0,0.0211,0.3299
Au-Ru,0.040000000000000036,0.33999999999999986,1.8650540000000007,1.0,3.0,0.0,35.0,0.0,1.0,0.0,1.0,0.0,0.0211,0.6074
Au-Sb,0.4099999999999999,0.4900000000000002,0.617165,1.0,4.0,2.0,28.0,0.5,0.5,0.0,0.5,0.0,0.0211,0.0
Au-Sc,0.10000000000000009,1.18,2.6640640000000007,2.0,8.0,1.0,58.0,0.0,1.0,0.0,1.0,0.0,0.0211,0.1053
Au-Si,0.6299999999999999,0.6400000000000001,1.073874,3.0,3.0,1.0,65.0,0.5,0.5,0.0,0.5,0.0,0.0211,0.0109
Au-Sn,0.29000000000000004,0.5800000000000001,1.8816360000000003,1.0,3.0,1.0,29.0,0.0,0.5,0.5,1.0,0.0,0.0211,0.0132
Au-Ta,0.26,1.04,1.6759830000000004,0.0,6.0,1.0,6.0,0.0,1.0,0.0,1.0,0.0,0.0211,0.0
Au-Te,0.51,0.43999999999999995,0.2157460000000011,1.0,5.0,3.0,27.0,0.5,0.5,0.0,0.5,0.0,0.0211,0.1307
Au-Ti,0.020000000000000018,1.0,2.3974340000000005,2.0,7.0,1.0,57.0,0.0,1.0,0.0,1.0,0.0,0.0211,0.1078
Au-V,0.030000000000000027,0.9100000000000001,2.4793670000000008,2.0,6.0,1.0,56.0,0.0,1.0,0.0,1.0,0.0,0.0211,0.0
Au-W,0.18999999999999995,0.18000000000000016,1.361524000000001,0.0,5.0,1.0,5.0,0.0,1.0,0.0,1.0,0.0,0.0211,0.0
Au-Y,0.3800000000000001,1.32,3.008294000000001,1.0,8.0,1.0,40.0,0.0,1.0,0.0,1.0,0.0,0.0211,0.1242
Au-Zn,0.32000000000000006,0.8900000000000001,0.16864299999999943,2.0,1.0,1.0,49.0,0.0,1.0,0.0,1.0,0.0,0.0211,0.0677
Au-Zr,0.32000000000000006,1.21,2.5914280000000005,1.0,7.0,1.0,39.0,0.0,1.0,0.0,1.0,0.0,0.0211,0.0808
Bi-Cd,0.18000000000000016,0.33000000000000007,1.7083039999999992,1.0,3.0,1.0,35.0,0.0,0.5,0.5,1.0,0.0,0.0,0.0507
Bi-Co,0.09000000000000008,0.14000000000000012,0.5954939999999995,2.0,6.0,1.0,56.0,0.0,0.5,0.5,1.0,0.0,0.0,0.0893
Bi-Cr,0.22999999999999998,0.3600000000000001,0.5190060000000001,2.0,9.0,2.0,59.0,0.0,0.5,0.5,1.0,0.0,0.0,0.0
Bi-Cu,0.020000000000000018,0.1200000000000001,0.4408639999999995,2.0,4.0,2.0,54.0,0.0,0.5,0.5,1.0,0.0,0.0,0.0342
Bi-Fe,0.13000000000000012,0.18999999999999995,0.6169520999999998,2.0,7.0,1.0,57.0,0.0,0.5,0.5,1.0,0.0,0.0,0.0
Bi-Ga,0.06999999999999984,0.20999999999999996,1.2862140000000002,2.0,2.0,2.0,52.0,0.0,0.0,1.0,1.0,0.0,0.0,0.015
Bi-Ge,0.17999999999999994,0.010000000000000231,0.6139190000000001,2.0,1.0,1.0,51.0,0.5,0.0,0.5,0.5,0.0,0.0,0.012
Bi-Hf,0.6500000000000001,0.72,0.46044600000000013,0.0,11.0,1.0,11.0,0.0,0.5,0.5,1.0,0.0,0.0,0.1786
Bi-Hg,0.28,0.020000000000000018,3.1519880000000002,0.0,3.0,1.0,3.0,0.0,0.5,0.5,1.0,0.0,0.0,0.0035
Bi-In,0.13000000000000012,0.24,1.4991603000000007,1.0,2.0,2.0,34.0,0.0,0.0,1.0,1.0,0.0,0.0,0.0107
Bi-Ir,0.3700000000000001,0.18000000000000016,1.6815039999999994,0.0,6.0,1.0,6.0,0.0,0.5,0.5,1.0,0.0,0.0,0.619
Bi-Mg,0.020000000000000018,0.71,0.3607199999999997,3.0,13.0,1.0,71.0,0.0,0.0,0.5,1.0,0.5,0.0,0.0287
Bi-Mn,0.18000000000000016,0.47,0.14852199999999982,2.0,8.0,1.0,58.0,0.0,0.5,0.5,1.0,0.0,0.0,0.0975
Bi-Mo,0.47,0.14000000000000012,0.1930860000000001,1.0,9.0,2.0,41.0,0.0,0.5,0.5,1.0,0.0,0.0,0.0
Bi-Nb,0.55,0.41999999999999993,0.5266660000000005,1.0,10.0,2.0,42.0,0.0,0.5,0.5,1.0,0.0,0.0,0.0
Bi-Ni,0.06000000000000005,0.1100000000000001,0.35436200000000007,2.0,5.0,1.0,55.0,0.0,0.5,0.5,1.0,0.0,0.0,0.0944
Bi-Os,0.42000000000000015,0.18000000000000016,1.1527140000000005,0.0,7.0,1.0,7.0,0.0,0.5,0.5,1.0,0.0,0.0,0.8884
Bi-Pb,0.1100000000000001,0.31000000000000005,0.13116389999999978,0.0,1.0,1.0,1.0,0.0,0.0,1.0,1.0,0.0,0.0,0.0422
Bi-Pd,0.26,0.18000000000000016,1.0513229999999991,1.0,5.0,7.0,37.0,0.0,0.5,0.5,1.0,0.0,0.0,0.0493
Bi-Pt,0.3400000000000001,0.2599999999999998,1.6733140000000004,0.0,5.0,2.0,5.0,0.0,0.5,0.5,1.0,0.0,0.0,0.1002
Bi-Re,0.44999999999999996,0.1200000000000001,0.5480039999999997,0.0,8.0,1.0,8.0,0.0,0.5,0.5,1.0,0.0,0.0,0.3144
Bi-Rh,0.30000000000000004,0.2599999999999998,0.17338399999999954,1.0,6.0,2.0,38.0,0.0,0.5,0.5,1.0,0.0,0.0,0.3299
Bi-Ru,0.3500000000000001,0.18000000000000016,0.07498399999999972,1.0,7.0,2.0,39.0,0.0,0.5,0.5,1.0,0.0,0.0,0.6074
Bi-Sb,0.09999999999999987,0.029999999999999805,1.3228730000000004,1.0,0.0,0.0,32.0,0.5,0.0,0.5,0.5,0.0,0.0,0.0
Bi-Sc,0.41000000000000014,0.6599999999999999,0.7240260000000003,2.0,12.0,1.0,62.0,0.0,0.5,0.5,1.0,0.0,0.0,0.1053
Bi-Si,0.31999999999999984,0.1200000000000001,0.8661640000000004,3.0,1.0,1.0,69.0,0.5,0.0,0.5,0.5,0.0,0.0,0.0109
Bi-Sn,0.020000000000000018,0.06000000000000005,0.058402000000000065,1.0,1.0,1.0,33.0,0.0,0.0,1.0,1.0,0.0,0.0,0.0132
Bi-Ta,0.5700000000000001,0.52,0.26405499999999993,0.0,10.0,1.0,10.0,0.0,0.5,0.5,1.0,0.0,0.0,0.0
Bi-Te,0.19999999999999996,0.08000000000000007,1.7242919999999993,1.0,1.0,1.0,31.0,0.5,0.0,0.5,0.5,0.0,0.0,0.1307
Bi-Ti,0.33000000000000007,0.48,0.45739600000000014,2.0,11.0,1.0,61.0,0.0,0.5,0.5,1.0,0.0,0.0,0.1078
Bi-V,0.28,0.3900000000000001,0.5393290000000004,2.0,10.0,1.0,60.0,0.0,0.5,0.5,1.0,0.0,0.0,0.0
Bi-W,0.5,0.33999999999999986,0.5785139999999993,0.0,9.0,1.0,9.0,0.0,0.5,0.5,1.0,0.0,0.0,0.0
Bi-Y,0.6900000000000002,0.8,1.0682560000000008,1.0,12.0,1.0,44.0,0.0,0.5,0.5,1.0,0.0,0.0,0.1242
Bi-Zn,0.010000000000000009,0.3700000000000001,2.108681,2.0,3.0,1.0,53.0,0.0,0.5,0.5,1.0,0.0,0.0,0.0677
Bi-Zr,0.6300000000000001,0.69,0.6513900000000001,1.0,11.0,1.0,43.0,0.0,0.5,0.5,1.0,0.0,0.0,0.0808
Cd-Co,0.09000000000000008,0.18999999999999995,1.1128099999999996,1.0,3.0,0.0,21.0,0.0,1.0,0.0,1.0,0.0,0.0507,0.0893
Cd-Cr,0.04999999999999982,0.030000000000000027,2.2273099999999992,1.0,6.0,1.0,24.0,0.0,1.0,0.0,1.0,0.0,0.0507,0.0
Cd-Cu,0.16000000000000014,0.20999999999999996,1.2674399999999997,1.0,1.0,1.0,19.0,0.0,1.0,0.0,1.0,0.0,0.0507,0.0342
Cd-Fe,0.050000000000000044,0.14000000000000012,1.0913518999999994,1.0,4.0,0.0,22.0,0.0,1.0,0.0,1.0,0.0,0.0507,0.0
Cd-Ga,0.25,0.1200000000000001,2.9945179999999993,1.0,1.0,1.0,17.0,0.0,0.5,0.5,1.0,0.0,0.0507,0.015
Cd-Ge,0.3600000000000001,0.31999999999999984,1.094384999999999,1.0,2.0,0.0,16.0,0.5,0.5,0.0,0.5,0.0,0.0507,0.012
Cd-Hf,0.47,0.3899999999999999,2.1687499999999993,1.0,8.0,0.0,24.0,0.0,1.0,0.0,1.0,0.0,0.0507,0.1786
Cd-Hg,0.09999999999999987,0.31000000000000005,1.443684000000001,1.0,0.0,0.0,32.0,0.0,1.0,0.0,1.0,0.0,0.0507,0.0035
Cd-In,0.050000000000000044,0.09000000000000008,3.2074643,0.0,1.0,1.0,1.0,0.0,0.5,0.5,1.0,0.0,0.0507,0.0107
Cd-Ir,0.18999999999999995,0.5100000000000002,0.026799999999999713,1.0,3.0,0.0,29.0,0.0,1.0,0.0,1.0,0.0,0.0507,0.619
Cd-Mg,0.16000000000000014,0.3799999999999999,1.3475839999999994,2.0,10.0,0.0,36.0,0.0,0.5,0.0,1.0,0.5,0.0507,0.0287
Cd-Mn,0.0,0.1399999999999999,1.5597819999999993,1.0,5.0,0.0,23.0,0.0,1.0,0.0,1.0,0.0,0.0507,0.0975
Cd-Mo,0.2899999999999998,0.4700000000000002,1.9013899999999992,0.0,6.0,1.0,6.0,0.0,1.0,0.0,1.0,0.0,0.0507,0.0
Cd-Nb,0.3699999999999999,0.08999999999999986,2.2349699999999997,0.0,7.0,1.0,7.0,0.0,1.0,0.0,1.0,0.0,0.0507,0.0
Cd-Ni,0.1200000000000001,0.21999999999999997,1.353941999999999,1.0,2.0,0.0,20.0,0.0,1.0,0.0,1.0,0.0,0.0507,0.0944
Cd-Os,0.24,0.5100000000000002,0.5555899999999987,1.0,4.0,0.0,28.0,0.0,1.0,0.0,1.0,0.0,0.0507,0.8884
Cd-Pb,0.07000000000000006,0.6400000000000001,1.5771400999999994,1.0,2.0,0.0,34.0,0.0,0.5,0.5,1.0,0.0,0.0507,0.0422
Cd-Pd,0.07999999999999985,0.5100000000000002,0.656981,0.0,2.0,8.0,2.0,0.0,1.0,0.0,1.0,0.0,0.0507,0.0493
Cd-Pt,0.15999999999999992,0.5899999999999999,0.034989999999998744,1.0,2.0,1.0,30.0,0.0,1.0,0.0,1.0,0.0,0.0507,0.1002
Cd-Re,0.2699999999999998,0.20999999999999996,1.1602999999999994,1.0,5.0,0.0,27.0,0.0,1.0,0.0,1.0,0.0,0.0507,0.3144
Cd-Rh,0.11999999999999988,0.5899999999999999,1.5349199999999996,0.0,3.0,1.0,3.0,0.0,1.0,0.0,1.0,0.0,0.0507,0.3299
Cd-Ru,0.16999999999999993,0.5100000000000002,1.6333199999999994,0.0,4.0,1.0,4.0,0.0,1.0,0.0,1.0,0.0,0.0507,0.6074
Cd-Sb,0.28,0.3599999999999999,0.38543099999999875,0.0,3.0,1.0,3.0,0.5,0.5,0.0,0.5,0.0,0.0507,0.0
Cd-Sc,0.22999999999999998,0.32999999999999985,2.4323299999999994,1.0,9.0,0.0,27.0,0.0,1.0,0.0,1.0,0.0,0.0507,0.1053
Cd-Si,0.5,0.20999999999999996,0.8421399999999988,2.0,2.0,0.0,34.0,0.5,0.5,0.0,0.5,0.0,0.0507,0.0109
Cd-Sn,0.16000000000000014,0.27,1.649901999999999,0.0,2.0,0.0,2.0,0.0,0.5,0.5,1.0,0.0,0.0507,0.0132
Cd-Ta,0.3899999999999999,0.18999999999999995,1.4442489999999992,1.0,7.0,0.0,25.0,0.0,1.0,0.0,1.0,0.0,0.0507,0.0
Cd-Te,0.3800000000000001,0.41000000000000014,0.015988000000000113,0.0,4.0,2.0,4.0,0.5,0.5,0.0,0.5,0.0,0.0507,0.1307
Cd-Ti,0.1499999999999999,0.1499999999999999,2.1656999999999993,1.0,8.0,0.0,26.0,0.0,1.0,0.0,1.0,0.0,0.0507,0.1078
Cd-V,0.09999999999999987,0.06000000000000005,2.2476329999999995,1.0,7.0,0.0,25.0,0.0,1.0,0.0,1.0,0.0,0.0507,0.0
Cd-W,0.31999999999999984,0.6699999999999999,1.1297899999999998,1.0,6.0,0.0,26.0,0.0,1.0,0.0,1.0,0.0,0.0507,0.0
Cd-Y,0.51,0.47,2.77656,0.0,9.0,0.0,9.0,0.0,1.0,0.0,1.0,0.0,0.0507,0.1242
Cd-Zn,0.19000000000000017,0.040000000000000036,0.40037700000000065,1.0,0.0,0.0,18.0,0.0,1.0,0.0,1.0,0.0,0.0507,0.0677
Cd-Zr,0.44999999999999996,0.3599999999999999,2.3596939999999993,0.0,8.0,0.0,8.0,0.0,1.0,0.0,1.0,0.0,0.0507,0.0808
Co-Cr,0.1399999999999999,0.21999999999999997,1.1144999999999996,0.0,3.0,1.0,3.0,0.0,1.0,0.0,1.0,0.0,0.0893,0.0
Co-Cu,0.07000000000000006,0.020000000000000018,0.15463000000000005,0.0,2.0,1.0,2.0,0.0,1.0,0.0,1.0,0.0,0.0893,0.0342
Co-Fe,0.040000000000000036,0.04999999999999982,0.021458100000000258,0.0,1.0,0.0,1.0,0.0,1.0,0.0,1.0,0.0,0.0893,0.0
Co-Ga,0.15999999999999992,0.06999999999999984,1.8817079999999997,0.0,4.0,1.0,4.0,0.0,0.5,0.5,1.0,0.0,0.0893,0.015
Co-Ge,0.27,0.1299999999999999,0.01842500000000058,0.0,5.0,0.0,5.0,0.5,0.5,0.0,0.5,0.0,0.0893,0.012
Co-Hf,0.56,0.5799999999999998,1.0559399999999997,2.0,5.0,0.0,45.0,0.0,1.0,0.0,1.0,0.0,0.0893,0.1786
Co-Hg,0.18999999999999995,0.1200000000000001,2.5564940000000007,2.0,3.0,0.0,53.0,0.0,1.0,0.0,1.0,0.0,0.0893,0.0035
Co-In,0.040000000000000036,0.09999999999999987,2.0946543,1.0,4.0,1.0,22.0,0.0,0.5,0.5,1.0,0.0,0.0893,0.0107
Co-Ir,0.28,0.3200000000000003,1.08601,2.0,0.0,0.0,50.0,0.0,1.0,0.0,1.0,0.0,0.0893,0.619
Co-Mg,0.07000000000000006,0.5699999999999998,0.23477399999999982,1.0,7.0,0.0,15.0,0.0,0.5,0.0,1.0,0.5,0.0893,0.0287
Co-Mn,0.09000000000000008,0.32999999999999985,0.4469719999999997,0.0,2.0,0.0,2.0,0.0,1.0,0.0,1.0,0.0,0.0893,0.0975
Co-Mo,0.3799999999999999,0.28000000000000025,0.7885799999999996,1.0,3.0,1.0,15.0,0.0,1.0,0.0,1.0,0.0,0.0893,0.0
Co-Nb,0.45999999999999996,0.2799999999999998,1.12216,1.0,4.0,1.0,14.0,0.0,1.0,0.0,1.0,0.0,0.0893,0.0
Co-Ni,0.030000000000000027,0.030000000000000027,0.24113199999999946,0.0,1.0,0.0,1.0,0.0,1.0,0.0,1.0,0.0,0.0893,0.0944
Co-Os,0.33000000000000007,0.3200000000000003,0.5572200000000009,2.0,1.0,0.0,49.0,0.0,1.0,0.0,1.0,0.0,0.0893,0.8884
Co-Pb,0.020000000000000018,0.4500000000000002,0.46433009999999975,2.0,5.0,0.0,55.0,0.0,0.5,0.5,1.0,0.0,0.0893,0.0422
Co-Pd,0.16999999999999993,0.3200000000000003,0.4558289999999996,1.0,1.0,8.0,19.0,0.0,1.0,0.0,1.0,0.0,0.0893,0.0493
Co-Pt,0.25,0.3999999999999999,1.0778200000000009,2.0,1.0,1.0,51.0,0.0,1.0,0.0,1.0,0.0,0.0893,0.1002
Co-Re,0.3599999999999999,0.020000000000000018,0.04748999999999981,2.0,2.0,0.0,48.0,0.0,1.0,0.0,1.0,0.0,0.0893,0.3144
Co-Rh,0.20999999999999996,0.3999999999999999,0.42211,1.0,0.0,1.0,18.0,0.0,1.0,0.0,1.0,0.0,0.0893,0.3299
Co-Ru,0.26,0.3200000000000003,0.5205099999999998,1.0,1.0,1.0,17.0,0.0,1.0,0.0,1.0,0.0,0.0893,0.6074
Co-Sb,0.18999999999999995,0.16999999999999993,0.7273790000000009,1.0,6.0,1.0,24.0,0.5,0.5,0.0,0.5,0.0,0.0893,0.0
Co-Sc,0.32000000000000006,0.5199999999999998,1.3195199999999998,0.0,6.0,0.0,6.0,0.0,1.0,0.0,1.0,0.0,0.0893,0.1053
Co-Si,0.4099999999999999,0.020000000000000018,0.27067000000000085,1.0,5.0,0.0,13.0,0.5,0.5,0.0,0.5,0.0,0.0893,0.0109
Co-Sn,0.07000000000000006,0.08000000000000007,0.5370919999999995,1.0,5.0,0.0,23.0,0.0,0.5,0.5,1.0,0.0,0.0893,0.0132
Co-Ta,0.48,0.3799999999999999,0.3314389999999996,2.0,4.0,0.0,46.0,0.0,1.0,0.0,1.0,0.0,0.0893,0.0
Co-Te,0.29000000000000004,0.2200000000000002,1.1287979999999997,1.0,7.0,2.0,25.0,0.5,0.5,0.0,0.5,0.0,0.0893,0.1307
Co-Ti,0.24,0.33999999999999986,1.0528899999999997,0.0,5.0,0.0,5.0,0.0,1.0,0.0,1.0,0.0,0.0893,0.1078
Co-V,0.18999999999999995,0.25,1.134823,0.0,4.0,0.0,4.0,0.0,1.0,0.0,1.0,0.0,0.0893,0.0
Co-W,0.4099999999999999,0.48,0.016980000000000217,2.0,3.0,0.0,47.0,0.0,1.0,0.0,1.0,0.0,0.0893,0.0
Co-Y,0.6000000000000001,0.6599999999999999,1.6637500000000003,1.0,6.0,0.0,12.0,0.0,1.0,0.0,1.0,0.0,0.0893,0.1242
Co-Zn,0.10000000000000009,0.22999999999999998,1.5131870000000003,0.0,3.0,0.0,3.0,0.0,1.0,0.0,1.0,0.0,0.0893,0.0677
Co-Zr,0.54,0.5499999999999998,1.2468839999999997,1.0,5.0,0.0,13.0,0.0,1.0,0.0,1.0,0.0,0.0893,0.0808
Cr-Cu,0.20999999999999996,0.24,0.9598699999999996,0.0,5.0,0.0,5.0,0.0,1.0,0.0,1.0,0.0,0.0,0.0342
Cr-Fe,0.09999999999999987,0.17000000000000015,1.1359580999999999,0.0,2.0,1.0,2.0,0.0,1.0,0.0,1.0,0.0,0.0,0.0
Cr-Ga,0.2999999999999998,0.15000000000000013,0.7672080000000001,0.0,7.0,0.0,7.0,0.0,0.5,0.5,1.0,0.0,0.0,0.015
Cr-Ge,0.4099999999999999,0.34999999999999987,1.1329250000000002,0.0,8.0,1.0,8.0,0.5,0.5,0.0,0.5,0.0,0.0,0.012
Cr-Hf,0.42000000000000015,0.3599999999999999,0.058559999999999945,2.0,2.0,1.0,48.0,0.0,1.0,0.0,1.0,0.0,0.0,0.1786
Cr-Hg,0.050000000000000044,0.3400000000000001,3.6709940000000003,2.0,6.0,1.0,56.0,0.0,1.0,0.0,1.0,0.0,0.0,0.0035
Cr-In,0.09999999999999987,0.1200000000000001,0.9801543000000006,1.0,7.0,0.0,25.0,0.0,0.5,0.5,1.0,0.0,0.0,0.0107
Cr-Ir,0.14000000000000012,0.5400000000000003,2.2005099999999995,2.0,3.0,1.0,53.0,0.0,1.0,0.0,1.0,0.0,0.0,0.619
Cr-Mg,0.20999999999999996,0.34999999999999987,0.8797259999999998,1.0,4.0,1.0,12.0,0.0,0.5,0.0,1.0,0.5,0.0,0.0287
Cr-Mn,0.04999999999999982,0.10999999999999988,0.6675279999999999,0.0,1.0,1.0,1.0,0.0,1.0,0.0,1.0,0.0,0.0,0.0975
Cr-Mo,0.24,0.5000000000000002,0.32592,1.0,0.0,0.0,18.0,0.0,1.0,0.0,1.0,0.0,0.0,0.0
Cr-Nb,0.32000000000000006,0.05999999999999983,0.007660000000000444,1.0,1.0,0.0,17.0,0.0,1.0,0.0,1.0,0.0,0.0,0.0
Cr-Ni,0.16999999999999993,0.25,0.8733680000000001,0.0,4.0,1.0,4.0,0.0,1.0,0.0,1.0,0.0,0.0,0.0944
Cr-Os,0.19000000000000017,0.5400000000000003,1.6717200000000005,2.0,2.0,1.0,52.0,0.0,1.0,0.0,1.0,0.0,0.0,0.8884
Cr-Pb,0.11999999999999988,0.6700000000000002,0.6501698999999999,2.0,8.0,1.0,58.0,0.0,0.5,0.5,1.0,0.0,0.0,0.0422
Cr-Pd,0.030000000000000027,0.5400000000000003,1.5703289999999992,1.0,4.0,9.0,22.0,0.0,1.0,0.0,1.0,0.0,0.0,0.0493
Cr-Pt,0.1100000000000001,0.6199999999999999,2.1923200000000005,2.0,4.0,0.0,54.0,0.0,1.0,0.0,1.0,0.0,0.0,0.1002
Cr-Re,0.21999999999999997,0.24,1.0670099999999998,2.0,1.0,1.0,51.0,0.0,1.0,0.0,1.0,0.0,0.0,0.3144
Cr-Rh,0.07000000000000006,0.6199999999999999,0.6923899999999996,1.0,3.0,0.0,21.0,0.0,1.0,0.0,1.0,0.0,0.0,0.3299
Cr-Ru,0.1200000000000001,0.5400000000000003,0.5939899999999998,1.0,2.0,0.0,20.0,0.0,1.0,0.0,1.0,0.0,0.0,0.6074
Cr-Sb,0.32999999999999985,0.3899999999999999,1.8418790000000005,1.0,9.0,2.0,27.0,0.5,0.5,0.0,0.5,0.0,0.0,0.0
Cr-Sc,0.18000000000000016,0.2999999999999998,0.2050200000000002,0.0,3.0,1.0,3.0,0.0,1.0,0.0,1.0,0.0,0.0,0.1053
Cr-Si,0.5499999999999998,0.24,1.3851700000000005,1.0,8.0,1.0,10.0,0.5,0.5,0.0,0.5,0.0,0.0,0.0109
Cr-Sn,0.20999999999999996,0.30000000000000004,0.5774080000000001,1.0,8.0,1.0,26.0,0.0,0.5,0.5,1.0,0.0,0.0,0.0132
Cr-Ta,0.3400000000000001,0.15999999999999992,0.783061,2.0,1.0,1.0,49.0,0.0,1.0,0.0,1.0,0.0,0.0,0.0
Cr-Te,0.42999999999999994,0.44000000000000017,2.2432979999999993,1.0,10.0,3.0,28.0,0.5,0.5,0.0,0.5,0.0,0.0,0.1307
Cr-Ti,0.10000000000000009,0.11999999999999988,0.06160999999999994,0.0,2.0,1.0,2.0,0.0,1.0,0.0,1.0,0.0,0.0,0.1078
Cr-V,0.050000000000000044,0.030000000000000027,0.020323000000000313,0.0,1.0,1.0,1.0,0.0,1.0,0.0,1.0,0.0,0.0,0.0
Cr-W,0.27,0.7,1.0975199999999994,2.0,0.0,1.0,50.0,0.0,1.0,0.0,1.0,0.0,0.0,0.0
Cr-Y,0.4600000000000002,0.43999999999999995,0.5492500000000007,1.0,3.0,1.0,15.0,0.0,1.0,0.0,1.0,0.0,0.0,0.1242
Cr-Zn,0.24,0.010000000000000009,2.627687,0.0,6.0,1.0,6.0,0.0,1.0,0.0,1.0,0.0,0.0,0.0677
Cr-Zr,0.40000000000000013,0.32999999999999985,0.13238400000000006,1.0,2.0,1.0,16.0,0.0,1.0,0.0,1.0,0.0,0.0,0.0808
Cu-Fe,0.1100000000000001,0.06999999999999984,0.1760881000000003,0.0,3.0,1.0,3.0,0.0,1.0,0.0,1.0,0.0,0.0342,0.0
Cu-Ga,0.08999999999999986,0.08999999999999986,1.7270779999999997,0.0,2.0,0.0,2.0,0.0,0.5,0.5,1.0,0.0,0.0342,0.015
Cu-Ge,0.19999999999999996,0.10999999999999988,0.17305500000000062,0.0,3.0,1.0,3.0,0.5,0.5,0.0,0.5,0.0,0.0342,0.012
Cu-Hf,0.6300000000000001,0.5999999999999999,0.9013099999999996,2.0,7.0,1.0,43.0,0.0,1.0,0.0,1.0,0.0,0.0342,0.1786
Cu-Hg,0.26,0.10000000000000009,2.7111240000000008,2.0,1.0,1.0,51.0,0.0,1.0,0.0,1.0,0.0,0.0342,0.0035
Cu-In,0.1100000000000001,0.11999999999999988,1.9400243000000001,1.0,2.0,0.0,20.0,0.0,0.5,0.5,1.0,0.0,0.0342,0.0107
Cu-Ir,0.3500000000000001,0.30000000000000027,1.24064,2.0,2.0,1.0,48.0,0.0,1.0,0.0,1.0,0.0,0.0342,0.619
Cu-Mg,0.0,0.5899999999999999,0.08014399999999977,1.0,9.0,1.0,17.0,0.0,0.5,0.0,1.0,0.5,0.0342,0.0287
Cu-Mn,0.16000000000000014,0.34999999999999987,0.29234199999999966,0.0,4.0,1.0,4.0,0.0,1.0,0.0,1.0,0.0,0.0342,0.0975
Cu-Mo,0.44999999999999996,0.26000000000000023,0.6339499999999996,1.0,5.0,0.0,13.0,0.0,1.0,0.0,1.0,0.0,0.0342,0.0
Cu-Nb,0.53,0.2999999999999998,0.96753,1.0,6.0,0.0,12.0,0.0,1.0,0.0,1.0,0.0,0.0342,0.0
Cu-Ni,0.040000000000000036,0.010000000000000009,0.08650199999999941,0.0,1.0,1.0,1.0,0.0,1.0,0.0,1.0,0.0,0.0342,0.0944
Cu-Os,0.40000000000000013,0.30000000000000027,0.711850000000001,2.0,3.0,1.0,47.0,0.0,1.0,0.0,1.0,0.0,0.0342,0.8884
Cu-Pb,0.09000000000000008,0.43000000000000016,0.3097000999999997,2.0,3.0,1.0,53.0,0.0,0.5,0.5,1.0,0.0,0.0342,0.0422
Cu-Pd,0.24,0.30000000000000027,0.6104589999999996,1.0,1.0,9.0,17.0,0.0,1.0,0.0,1.0,0.0,0.0342,0.0493
Cu-Pt,0.32000000000000006,0.3799999999999999,1.232450000000001,2.0,1.0,0.0,49.0,0.0,1.0,0.0,1.0,0.0,0.0342,0.1002
Cu-Re,0.42999999999999994,0.0,0.10714000000000024,2.0,4.0,1.0,46.0,0.0,1.0,0.0,1.0,0.0,0.0342,0.3144
Cu-Rh,0.28,0.3799999999999999,0.26747999999999994,1.0,2.0,0.0,16.0,0.0,1.0,0.0,1.0,0.0,0.0342,0.3299
Cu-Ru,0.33000000000000007,0.30000000000000027,0.36587999999999976,1.0,3.0,0.0,15.0,0.0,1.0,0.0,1.0,0.0,0.0342,0.6074
Cu-Sb,0.11999999999999988,0.1499999999999999,0.8820090000000009,1.0,4.0,2.0,22.0,0.5,0.5,0.0,0.5,0.0,0.0342,0.0
Cu-Sc,0.3900000000000001,0.5399999999999998,1.1648899999999998,0.0,8.0,1.0,8.0,0.0,1.0,0.0,1.0,0.0,0.0342,0.1053
Cu-Si,0.33999999999999986,0.0,0.4253000000000009,1.0,3.0,1.0,15.0,0.5,0.5,0.0,0.5,0.0,0.0342,0.0109
Cu-Sn,0.0,0.06000000000000005,0.3824619999999994,1.0,3.0,1.0,21.0,0.0,0.5,0.5,1.0,0.0,0.0342,0.0132
Cu-Ta,0.55,0.3999999999999999,0.17680899999999955,2.0,6.0,1.0,44.0,0.0,1.0,0.0,1.0,0.0,0.0342,0.0
Cu-Te,0.21999999999999997,0.20000000000000018,1.2834279999999998,1.0,5.0,3.0,23.0,0.5,0.5,0.0,0.5,0.0,0.0342,0.1307
Cu-Ti,0.31000000000000005,0.3599999999999999,0.8982599999999996,0.0,7.0,1.0,7.0,0.0,1.0,0.0,1.0,0.0,0.0342,0.1078
Cu-V,0.26,0.27,0.9801929999999999,0.0,6.0,1.0,6.0,0.0,1.0,0.0,1.0,0.0,0.0342,0.0
Cu-W,0.48,0.45999999999999996,0.13764999999999983,2.0,5.0,1.0,45.0,0.0,1.0,0.0,1.0,0.0,0.0342,0.0
Cu-Y,0.6700000000000002,0.6799999999999999,1.5091200000000002,1.0,8.0,1.0,10.0,0.0,1.0,0.0,1.0,0.0,0.0342,0.1242
Cu-Zn,0.030000000000000027,0.25,1.6678170000000003,0.0,1.0,1.0,1.0,0.0,1.0,0.0,1.0,0.0,0.0342,0.0677
Cu-Zr,0.6100000000000001,0.5699999999999998,1.0922539999999996,1.0,7.0,1.0,11.0,0.0,1.0,0.0,1.0,0.0,0.0342,0.0808
Fe-Ga,0.19999999999999996,0.020000000000000018,1.9031661,0.0,5.0,1.0,5.0,0.0,0.5,0.5,1.0,0.0,0.0,0.015
Fe-Ge,0.31000000000000005,0.17999999999999972,0.0030330999999996777,0.0,6.0,0.0,6.0,0.5,0.5,0.0,0.5,0.0,0.0,0.012
Fe-Hf,0.52,0.53,1.0773981,2.0,4.0,0.0,46.0,0.0,1.0,0.0,1.0,0.0,0.0,0.1786
Fe-Hg,0.1499999999999999,0.16999999999999993,2.5350359000000005,2.0,4.0,0.0,54.0,0.0,1.0,0.0,1.0,0.0,0.0,0.0035
Fe-In,0.0,0.050000000000000044,2.1161124000000004,1.0,5.0,1.0,23.0,0.0,0.5,0.5,1.0,0.0,0.0,0.0107
Fe-Ir,0.24,0.3700000000000001,1.0645518999999997,2.0,1.0,0.0,51.0,0.0,1.0,0.0,1.0,0.0,0.0,0.619
Fe-Mg,0.1100000000000001,0.52,0.2562321000000001,1.0,6.0,0.0,14.0,0.0,0.5,0.0,1.0,0.5,0.0,0.0287
Fe-Mn,0.050000000000000044,0.28,0.46843009999999996,0.0,1.0,0.0,1.0,0.0,1.0,0.0,1.0,0.0,0.0,0.0975
Fe-Mo,0.33999999999999986,0.33000000000000007,0.8100380999999999,1.0,2.0,1.0,16.0,0.0,1.0,0.0,1.0,0.0,0.0,0.0
Fe-Nb,0.41999999999999993,0.22999999999999998,1.1436181000000003,1.0,3.0,1.0,15.0,0.0,1.0,0.0,1.0,0.0,0.0,0.0
Fe-Ni,0.07000000000000006,0.07999999999999985,0.2625900999999997,0.0,2.0,0.0,2.0,0.0,1.0,0.0,1.0,0.0,0.0,0.0944
Fe-Os,0.29000000000000004,0.3700000000000001,0.5357619000000007,2.0,0.0,0.0,50.0,0.0,1.0,0.0,1.0,0.0,0.0,0.8884
Fe-Pb,0.020000000000000018,0.5,0.4857882,2.0,6.0,0.0,56.0,0.0,0.5,0.5,1.0,0.0,0.0,0.0422
Fe-Pd,0.1299999999999999,0.3700000000000001,0.43437089999999934,1.0,2.0,8.0,20.0,0.0,1.0,0.0,1.0,0.0,0.0,0.0493
Fe-Pt,0.20999999999999996,0.44999999999999973,1.0563619000000006,2.0,2.0,1.0,52.0,0.0,1.0,0.0,1.0,0.0,0.0,0.1002
Fe-Re,0.31999999999999984,0.06999999999999984,0.06894810000000007,2.0,1.0,0.0,49.0,0.0,1.0,0.0,1.0,0.0,0.0,0.3144
Fe-Rh,0.16999999999999993,0.44999999999999973,0.44356810000000024,1.0,1.0,1.0,19.0,0.0,1.0,0.0,1.0,0.0,0.0,0.3299
Fe-Ru,0.21999999999999997,0.3700000000000001,0.5419681000000001,1.0,0.0,1.0,18.0,0.0,1.0,0.0,1.0,0.0,0.0,0.6074
Fe-Sb,0.22999999999999998,0.21999999999999975,0.7059209000000006,1.0,7.0,1.0,25.0,0.5,0.5,0.0,0.5,0.0,0.0,0.0
Fe-Sc,0.28,0.47,1.3409781,0.0,5.0,0.0,5.0,0.0,1.0,0.0,1.0,0.0,0.0,0.1053
Fe-Si,0.44999999999999996,0.06999999999999984,0.2492119000000006,1.0,6.0,0.0,12.0,0.5,0.5,0.0,0.5,0.0,0.0,0.0109
Fe-Sn,0.1100000000000001,0.1299999999999999,0.5585500999999997,1.0,6.0,0.0,24.0,0.0,0.5,0.5,1.0,0.0,0.0,0.0132
Fe-Ta,0.43999999999999995,0.33000000000000007,0.35289709999999985,2.0,3.0,0.0,47.0,0.0,1.0,0.0,1.0,0.0,0.0,0.0
Fe-Te,0.33000000000000007,0.27,1.1073398999999995,1.0,8.0,2.0,26.0,0.5,0.5,0.0,0.5,0.0,0.0,0.1307
Fe-Ti,0.19999999999999996,0.29000000000000004,1.0743481,0.0,4.0,0.0,4.0,0.0,1.0,0.0,1.0,0.0,0.0,0.1078
Fe-V,0.1499999999999999,0.20000000000000018,1.1562811000000002,0.0,3.0,0.0,3.0,0.0,1.0,0.0,1.0,0.0,0.0,0.0
Fe-W,0.3699999999999999,0.5299999999999998,0.038438100000000475,2.0,2.0,0.0,48.0,0.0,1.0,0.0,1.0,0.0,0.0,0.0
Fe-Y,0.56,0.6100000000000001,1.6852081000000005,1.0,5.0,0.0,13.0,0.0,1.0,0.0,1.0,0.0,0.0,0.1242
Fe-Zn,0.14000000000000012,0.18000000000000016,1.4917289,0.0,4.0,0.0,4.0,0.0,1.0,0.0,1.0,0.0,0.0,0.0677
Fe-Zr,0.5,0.5,1.2683421,1.0,4.0,0.0,14.0,0.0,1.0,0.0,1.0,0.0,0.0,0.0808
Ga-Ge,0.1100000000000001,0.19999999999999973,1.9001330000000003,0.0,1.0,1.0,1.0,0.5,0.0,0.5,0.5,0.0,0.015,0.012
Ga-Hf,0.72,0.51,0.8257680000000001,2.0,9.0,1.0,41.0,0.0,0.5,0.5,1.0,0.0,0.015,0.1786
Ga-Hg,0.34999999999999987,0.18999999999999995,4.438202,2.0,1.0,1.0,49.0,0.0,0.5,0.5,1.0,0.0,0.015,0.0035
Ga-In,0.19999999999999996,0.030000000000000027,0.21294630000000048,1.0,0.0,0.0,18.0,0.0,0.0,1.0,1.0,0.0,0.015,0.0107
Ga-Ir,0.43999999999999995,0.3900000000000001,2.9677179999999996,2.0,4.0,1.0,46.0,0.0,0.5,0.5,1.0,0.0,0.015,0.619
Ga-Mg,0.08999999999999986,0.5,1.646934,1.0,11.0,1.0,19.0,0.0,0.0,0.5,1.0,0.5,0.015,0.0287
Ga-Mn,0.25,0.26,1.434736,0.0,6.0,1.0,6.0,0.0,0.5,0.5,1.0,0.0,0.015,0.0975
Ga-Mo,0.5399999999999998,0.3500000000000001,1.093128,1.0,7.0,0.0,11.0,0.0,0.5,0.5,1.0,0.0,0.015,0.0
Ga-Nb,0.6199999999999999,0.20999999999999996,0.7595479999999997,1.0,8.0,0.0,10.0,0.0,0.5,0.5,1.0,0.0,0.015,0.0
Ga-Ni,0.1299999999999999,0.09999999999999987,1.6405760000000003,0.0,3.0,1.0,3.0,0.0,0.5,0.5,1.0,0.0,0.015,0.0944
Ga-Os,0.49,0.3900000000000001,2.4389280000000007,2.0,5.0,1.0,45.0,0.0,0.5,0.5,1.0,0.0,0.015,0.8884
Ga-Pb,0.17999999999999994,0.52,1.4173779,2.0,1.0,1.0,51.0,0.0,0.0,1.0,1.0,0.0,0.015,0.0422
Ga-Pd,0.32999999999999985,0.3900000000000001,2.3375369999999993,1.0,3.0,9.0,15.0,0.0,0.5,0.5,1.0,0.0,0.015,0.0493
Ga-Pt,0.4099999999999999,0.46999999999999975,2.9595280000000006,2.0,3.0,0.0,47.0,0.0,0.5,0.5,1.0,0.0,0.015,0.1002
Ga-Re,0.5199999999999998,0.08999999999999986,1.834218,2.0,6.0,1.0,44.0,0.0,0.5,0.5,1.0,0.0,0.015,0.3144
Ga-Rh,0.3699999999999999,0.46999999999999975,1.4595979999999997,1.0,4.0,0.0,14.0,0.0,0.5,0.5,1.0,0.0,0.015,0.3299
Ga-Ru,0.41999999999999993,0.3900000000000001,1.361198,1.0,5.0,0.0,13.0,0.0,0.5,0.5,1.0,0.0,0.015,0.6074
Ga-Sb,0.030000000000000027,0.23999999999999977,2.6090870000000006,1.0,2.0,2.0,20.0,0.5,0.0,0.5,0.5,0.0,0.015,0.0
Ga-Sc,0.48,0.44999999999999996,0.5621879999999999,0.0,10.0,1.0,10.0,0.0,0.5,0.5,1.0,0.0,0.015,0.1053
Ga-Si,0.25,0.08999999999999986,2.1523780000000006,1.0,1.0,1.0,17.0,0.5,0.0,0.5,0.5,0.0,0.015,0.0109
Ga-Sn,0.08999999999999986,0.1499999999999999,1.3446160000000003,1.0,1.0,1.0,19.0,0.0,0.0,1.0,1.0,0.0,0.015,0.0132
Ga-Ta,0.6399999999999999,0.31000000000000005,1.5502690000000001,2.0,8.0,1.0,42.0,0.0,0.5,0.5,1.0,0.0,0.015,0.0
Ga-Te,0.13000000000000012,0.29000000000000004,3.0105059999999995,1.0,3.0,3.0,21.0,0.5,0.0,0.5,0.5,0.0,0.015,0.1307
Ga-Ti,0.3999999999999999,0.27,0.828818,0.0,9.0,1.0,9.0,0.0,0.5,0.5,1.0,0.0,0.015,0.1078
Ga-V,0.34999999999999987,0.18000000000000016,0.7468849999999998,0.0,8.0,1.0,8.0,0.0,0.5,0.5,1.0,0.0,0.015,0.0
Ga-W,0.5699999999999998,0.5499999999999998,1.8647279999999995,2.0,7.0,1.0,43.0,0.0,0.5,0.5,1.0,0.0,0.015,0.0
Ga-Y,0.76,0.5900000000000001,0.21795799999999943,1.0,10.0,1.0,8.0,0.0,0.5,0.5,1.0,0.0,0.015,0.1242
Ga-Zn,0.05999999999999983,0.16000000000000014,3.394895,0.0,1.0,1.0,1.0,0.0,0.5,0.5,1.0,0.0,0.015,0.0677
Ga-Zr,0.7,0.48,0.634824,1.0,9.0,1.0,9.0,0.0,0.5,0.5,1.0,0.0,0.015,0.0808
Ge-Hf,0.8300000000000001,0.7099999999999997,1.0743650000000002,2.0,10.0,0.0,40.0,0.5,0.5,0.0,0.5,0.0,0.012,0.1786
Ge-Hg,0.45999999999999996,0.009999999999999787,2.538069,2.0,2.0,0.0,48.0,0.5,0.5,0.0,0.5,0.0,0.012,0.0035
Ge-In,0.31000000000000005,0.22999999999999976,2.1130793000000008,1.0,1.0,1.0,17.0,0.5,0.0,0.5,0.5,0.0,0.012,0.0107
Ge-Ir,0.55,0.1900000000000004,1.0675849999999993,2.0,5.0,0.0,45.0,0.5,0.5,0.0,0.5,0.0,0.012,0.619
Ge-Mg,0.19999999999999996,0.6999999999999997,0.2531990000000004,1.0,12.0,0.0,20.0,0.5,0.0,0.0,0.5,0.5,0.012,0.0287
Ge-Mn,0.3600000000000001,0.45999999999999974,0.4653970000000003,0.0,7.0,0.0,7.0,0.5,0.5,0.0,0.5,0.0,0.012,0.0975
Ge-Mo,0.6499999999999999,0.15000000000000036,0.8070050000000002,1.0,8.0,1.0,10.0,0.5,0.5,0.0,0.5,0.0,0.012,0.0
Ge-Nb,0.73,0.4099999999999997,1.1405850000000006,1.0,9.0,1.0,9.0,0.5,0.5,0.0,0.5,0.0,0.012,0.0
Ge-Ni,0.24,0.09999999999999987,0.25955700000000004,0.0,4.0,0.0,4.0,0.5,0.5,0.0,0.5,0.0,0.012,0.0944
Ge-Os,0.6000000000000001,0.1900000000000004,0.5387950000000004,2.0,6.0,0.0,44.0,0.5,0.5,0.0,0.5,0.0,0.012,0.8884
Ge-Pb,0.29000000000000004,0.3200000000000003,0.4827551000000003,2.0,0.0,0.0,50.0,0.5,0.0,0.5,0.5,0.0,0.012,0.0422
Ge-Pd,0.43999999999999995,0.1900000000000004,0.437403999999999,1.0,4.0,8.0,14.0,0.5,0.5,0.0,0.5,0.0,0.012,0.0493
Ge-Pt,0.52,0.27,1.0593950000000003,2.0,4.0,1.0,46.0,0.5,0.5,0.0,0.5,0.0,0.012,0.1002
Ge-Re,0.6299999999999999,0.10999999999999988,0.06591500000000039,2.0,7.0,0.0,43.0,0.5,0.5,0.0,0.5,0.0,0.012,0.3144
Ge-Rh,0.48,0.27,0.44053500000000057,1.0,5.0,1.0,13.0,0.5,0.5,0.0,0.5,0.0,0.012,0.3299
Ge-Ru,0.53,0.1900000000000004,0.5389350000000004,1.0,6.0,1.0,12.0,0.5,0.5,0.0,0.5,0.0,0.012,0.6074
Ge-Sb,0.08000000000000007,0.040000000000000036,0.7089540000000003,1.0,1.0,1.0,19.0,1.0,0.0,0.0,0.0,0.0,0.012,0.0
Ge-Sc,0.5900000000000001,0.6499999999999997,1.3379450000000004,0.0,11.0,0.0,11.0,0.5,0.5,0.0,0.5,0.0,0.012,0.1053
Ge-Si,0.1399999999999999,0.10999999999999988,0.2522450000000003,1.0,0.0,0.0,18.0,1.0,0.0,0.0,0.0,0.0,0.012,0.0109
Ge-Sn,0.19999999999999996,0.04999999999999982,0.555517,1.0,0.0,0.0,18.0,0.5,0.0,0.5,0.5,0.0,0.012,0.0132
Ge-Ta,0.75,0.5099999999999998,0.3498640000000002,2.0,9.0,0.0,41.0,0.5,0.5,0.0,0.5,0.0,0.012,0.0
Ge-Te,0.020000000000000018,0.0900000000000003,1.1103729999999992,1.0,2.0,2.0,20.0,1.0,0.0,0.0,0.0,0.0,0.012,0.1307
Ge-Ti,0.51,0.46999999999999975,1.0713150000000002,0.0,10.0,0.0,10.0,0.5,0.5,0.0,0.5,0.0,0.012,0.1078
Ge-V,0.45999999999999996,0.3799999999999999,1.1532480000000005,0.0,9.0,0.0,9.0,0.5,0.5,0.0,0.5,0.0,0.012,0.0
Ge-W,0.6799999999999999,0.3500000000000001,0.0354050000000008,2.0,8.0,0.0,42.0,0.5,0.5,0.0,0.5,0.0,0.012,0.0
Ge-Y,0.8700000000000001,0.7899999999999998,1.6821750000000009,1.0,11.0,0.0,7.0,0.5,0.5,0.0,0.5,0.0,0.012,0.1242
Ge-Zn,0.16999999999999993,0.3599999999999999,1.4947619999999997,0.0,2.0,0.0,2.0,0.5,0.5,0.0,0.5,0.0,0.012,0.0677
Ge-Zr,0.81,0.6799999999999997,1.2653090000000002,1.0,10.0,0.0,8.0,0.5,0.5,0.0,0.5,0.0,0.012,0.0808
Hf-Hg,0.3700000000000001,0.7,3.6124340000000004,0.0,8.0,0.0,8.0,0.0,1.0,0.0,1.0,0.0,0.1786,0.0035
Hf-In,0.52,0.48,1.0387143000000005,1.0,9.0,1.0,23.0,0.0,0.5,0.5,1.0,0.0,0.1786,0.0107
Hf-Ir,0.28,0.9000000000000001,2.1419499999999996,0.0,5.0,0.0,5.0,0.0,1.0,0.0,1.0,0.0,0.1786,0.619
Hf-Mg,0.6300000000000001,0.010000000000000009,0.8211659999999998,3.0,2.0,0.0,60.0,0.0,0.5,0.0,1.0,0.5,0.1786,0.0287
Hf-Mn,0.47,0.25,0.608968,2.0,3.0,0.0,47.0,0.0,1.0,0.0,1.0,0.0,0.1786,0.0975
Hf-Mo,0.18000000000000016,0.8600000000000001,0.26736000000000004,1.0,2.0,1.0,30.0,0.0,1.0,0.0,1.0,0.0,0.1786,0.0
Hf-Nb,0.10000000000000009,0.30000000000000004,0.06622000000000039,1.0,1.0,1.0,31.0,0.0,1.0,0.0,1.0,0.0,0.1786,0.0
Hf-Ni,0.5900000000000001,0.6099999999999999,0.8148080000000002,2.0,6.0,0.0,44.0,0.0,1.0,0.0,1.0,0.0,0.1786,0.0944
Hf-Os,0.22999999999999998,0.9000000000000001,1.6131600000000006,0.0,4.0,0.0,4.0,0.0,1.0,0.0,1.0,0.0,0.1786,0.8884
Hf-Pb,0.54,1.03,0.5916098999999999,0.0,10.0,0.0,10.0,0.0,0.5,0.5,1.0,0.0,0.1786,0.0422
Hf-Pd,0.3900000000000001,0.9000000000000001,1.5117689999999993,1.0,6.0,8.0,26.0,0.0,1.0,0.0,1.0,0.0,0.1786,0.0493
Hf-Pt,0.31000000000000005,0.9799999999999998,2.1337600000000005,0.0,6.0,1.0,6.0,0.0,1.0,0.0,1.0,0.0,0.1786,0.1002
Hf-Re,0.20000000000000018,0.5999999999999999,1.0084499999999998,0.0,3.0,0.0,3.0,0.0,1.0,0.0,1.0,0.0,0.1786,0.3144
Hf-Rh,0.3500000000000001,0.9799999999999998,0.6338299999999997,1.0,5.0,1.0,27.0,0.0,1.0,0.0,1.0,0.0,0.1786,0.3299
Hf-Ru,0.30000000000000004,0.9000000000000001,0.5354299999999999,1.0,4.0,1.0,28.0,0.0,1.0,0.0,1.0,0.0,0.1786,0.6074
Hf-Sb,0.75,0.7499999999999998,1.7833190000000005,1.0,11.0,1.0,21.0,0.5,0.5,0.0,0.5,0.0,0.1786,0.0
Hf-Sc,0.24,0.06000000000000005,0.26358000000000015,2.0,1.0,0.0,51.0,0.0,1.0,0.0,1.0,0.0,0.1786,0.1053
Hf-Si,0.97,0.5999999999999999,1.3266100000000005,3.0,10.0,0.0,58.0,0.5,0.5,0.0,0.5,0.0,0.1786,0.0109
Hf-Sn,0.6300000000000001,0.6599999999999999,0.5188480000000002,1.0,10.0,0.0,22.0,0.0,0.5,0.5,1.0,0.0,0.1786,0.0132
Hf-Ta,0.08000000000000007,0.19999999999999996,0.7245010000000001,0.0,1.0,0.0,1.0,0.0,1.0,0.0,1.0,0.0,0.1786,0.0
Hf-Te,0.8500000000000001,0.8,2.1847379999999994,1.0,12.0,2.0,20.0,0.5,0.5,0.0,0.5,0.0,0.1786,0.1307
Hf-Ti,0.32000000000000006,0.24,0.003049999999999997,2.0,0.0,0.0,50.0,0.0,1.0,0.0,1.0,0.0,0.1786,0.1078
Hf-V,0.3700000000000001,0.32999999999999985,0.07888300000000026,2.0,1.0,0.0,49.0,0.0,1.0,0.0,1.0,0.0,0.1786,0.0
Hf-W,0.15000000000000013,1.0599999999999998,1.0389599999999994,0.0,2.0,0.0,2.0,0.0,1.0,0.0,1.0,0.0,0.1786,0.0
Hf-Y,0.040000000000000036,0.08000000000000007,0.6078100000000006,1.0,1.0,0.0,33.0,0.0,1.0,0.0,1.0,0.0,0.1786,0.1242
Hf-Zn,0.6600000000000001,0.34999999999999987,2.569127,2.0,8.0,0.0,42.0,0.0,1.0,0.0,1.0,0.0,0.1786,0.0677
Hf-Zr,0.020000000000000018,0.030000000000000027,0.190944,1.0,0.0,0.0,32.0,0.0,1.0,0.0,1.0,0.0,0.1786,0.0808
Hg-In,0.1499999999999999,0.21999999999999997,4.651148300000001,1.0,1.0,1.0,31.0,0.0,0.5,0.5,1.0,0.0,0.0035,0.0107
Hg-Ir,0.09000000000000008,0.20000000000000018,1.4704840000000008,0.0,3.0,0.0,3.0,0.0,1.0,0.0,1.0,0.0,0.0035,0.619
Hg-Mg,0.26,0.69,2.7912680000000005,3.0,10.0,0.0,68.0,0.0,0.5,0.0,1.0,0.5,0.0035,0.0287
Hg-Mn,0.09999999999999987,0.44999999999999996,3.0034660000000004,2.0,5.0,0.0,55.0,0.0,1.0,0.0,1.0,0.0,0.0035,0.0975
Hg-Mo,0.18999999999999995,0.16000000000000014,3.3450740000000003,1.0,6.0,1.0,38.0,0.0,1.0,0.0,1.0,0.0,0.0035,0.0
Hg-Nb,0.27,0.3999999999999999,3.6786540000000008,1.0,7.0,1.0,39.0,0.0,1.0,0.0,1.0,0.0,0.0035,0.0
Hg-Ni,0.21999999999999997,0.09000000000000008,2.797626,2.0,2.0,0.0,52.0,0.0,1.0,0.0,1.0,0.0,0.0035,0.0944
Hg-Os,0.14000000000000012,0.20000000000000018,1.9992739999999998,0.0,4.0,0.0,4.0,0.0,1.0,0.0,1.0,0.0,0.0035,0.8884
Hg-Pb,0.16999999999999993,0.33000000000000007,3.0208241000000005,0.0,2.0,0.0,2.0,0.0,0.5,0.5,1.0,0.0,0.0035,0.0422
Hg-Pd,0.020000000000000018,0.20000000000000018,2.100665000000001,1.0,2.0,8.0,34.0,0.0,1.0,0.0,1.0,0.0,0.0035,0.0493
Hg-Pt,0.06000000000000005,0.2799999999999998,1.4786739999999998,0.0,2.0,1.0,2.0,0.0,1.0,0.0,1.0,0.0,0.0035,0.1002
Hg-Re,0.16999999999999993,0.10000000000000009,2.6039840000000005,0.0,5.0,0.0,5.0,0.0,1.0,0.0,1.0,0.0,0.0035,0.3144
Hg-Rh,0.020000000000000018,0.2799999999999998,2.9786040000000007,1.0,3.0,1.0,35.0,0.0,1.0,0.0,1.0,0.0,0.0035,0.3299
Hg-Ru,0.07000000000000006,0.20000000000000018,3.0770040000000005,1.0,4.0,1.0,36.0,0.0,1.0,0.0,1.0,0.0,0.0035,0.6074
Hg-Sb,0.3799999999999999,0.04999999999999982,1.8291149999999998,1.0,3.0,1.0,29.0,0.5,0.5,0.0,0.5,0.0,0.0035,0.0
Hg-Sc,0.13000000000000012,0.6399999999999999,3.8760140000000005,2.0,9.0,0.0,59.0,0.0,1.0,0.0,1.0,0.0,0.0035,0.1053
Hg-Si,0.5999999999999999,0.10000000000000009,2.285824,3.0,2.0,0.0,66.0,0.5,0.5,0.0,0.5,0.0,0.0035,0.0109
Hg-Sn,0.26,0.040000000000000036,3.093586,1.0,2.0,0.0,30.0,0.0,0.5,0.5,1.0,0.0,0.0035,0.0132
Hg-Ta,0.29000000000000004,0.5,2.8879330000000003,0.0,7.0,0.0,7.0,0.0,1.0,0.0,1.0,0.0,0.0035,0.0
Hg-Te,0.48,0.10000000000000009,1.427696000000001,1.0,4.0,2.0,28.0,0.5,0.5,0.0,0.5,0.0,0.0035,0.1307
Hg-Ti,0.050000000000000044,0.45999999999999996,3.6093840000000004,2.0,8.0,0.0,58.0,0.0,1.0,0.0,1.0,0.0,0.0035,0.1078
Hg-V,0.0,0.3700000000000001,3.6913170000000006,2.0,7.0,0.0,57.0,0.0,1.0,0.0,1.0,0.0,0.0035,0.0
Hg-W,0.21999999999999997,0.3599999999999999,2.573474000000001,0.0,6.0,0.0,6.0,0.0,1.0,0.0,1.0,0.0,0.0035,0.0
Hg-Y,0.41000000000000014,0.78,4.220244000000001,1.0,9.0,0.0,41.0,0.0,1.0,0.0,1.0,0.0,0.0035,0.1242
Hg-Zn,0.29000000000000004,0.3500000000000001,1.0433070000000004,2.0,0.0,0.0,50.0,0.0,1.0,0.0,1.0,0.0,0.0035,0.0677
Hg-Zr,0.3500000000000001,0.6699999999999999,3.8033780000000004,1.0,8.0,0.0,40.0,0.0,1.0,0.0,1.0,0.0,0.0035,0.0808
In-Ir,0.24,0.42000000000000015,3.1806643,1.0,4.0,1.0,28.0,0.0,0.5,0.5,1.0,0.0,0.0107,0.619
In-Mg,0.1100000000000001,0.47,1.8598803000000004,2.0,11.0,1.0,37.0,0.0,0.0,0.5,1.0,0.5,0.0107,0.0287
In-Mn,0.050000000000000044,0.22999999999999998,1.6476823000000005,1.0,6.0,1.0,24.0,0.0,0.5,0.5,1.0,0.0,0.0107,0.0975
In-Mo,0.33999999999999986,0.3800000000000001,1.3060743000000006,0.0,7.0,0.0,7.0,0.0,0.5,0.5,1.0,0.0,0.0107,0.0
In-Nb,0.41999999999999993,0.17999999999999994,0.9724943000000001,0.0,8.0,0.0,8.0,0.0,0.5,0.5,1.0,0.0,0.0107,0.0
In-Ni,0.07000000000000006,0.1299999999999999,1.8535223000000007,1.0,3.0,1.0,21.0,0.0,0.5,0.5,1.0,0.0,0.0107,0.0944
In-Os,0.29000000000000004,0.42000000000000015,2.651874300000001,1.0,5.0,1.0,27.0,0.0,0.5,0.5,1.0,0.0,0.0107,0.8884
In-Pb,0.020000000000000018,0.55,1.6303242000000004,1.0,1.0,1.0,33.0,0.0,0.0,1.0,1.0,0.0,0.0107,0.0422
In-Pd,0.1299999999999999,0.42000000000000015,2.5504833,0.0,3.0,9.0,3.0,0.0,0.5,0.5,1.0,0.0,0.0107,0.0493
In-Pt,0.20999999999999996,0.4999999999999998,3.172474300000001,1.0,3.0,0.0,29.0,0.0,0.5,0.5,1.0,0.0,0.0107,0.1002
In-Re,0.31999999999999984,0.11999999999999988,2.0471643000000004,1.0,6.0,1.0,26.0,0.0,0.5,0.5,1.0,0.0,0.0107,0.3144
In-Rh,0.16999999999999993,0.4999999999999998,1.6725443000000002,0.0,4.0,0.0,4.0,0.0,0.5,0.5,1.0,0.0,0.0107,0.3299
In-Ru,0.21999999999999997,0.42000000000000015,1.5741443000000004,0.0,5.0,0.0,5.0,0.0,0.5,0.5,1.0,0.0,0.0107,0.6074
In-Sb,0.22999999999999998,0.2699999999999998,2.822033300000001,0.0,2.0,2.0,2.0,0.5,0.0,0.5,0.5,0.0,0.0107,0.0
In-Sc,0.28,0.41999999999999993,0.7751343000000004,1.0,10.0,1.0,28.0,0.0,0.5,0.5,1.0,0.0,0.0107,0.1053
In-Si,0.44999999999999996,0.11999999999999988,2.365324300000001,2.0,1.0,1.0,35.0,0.5,0.0,0.5,0.5,0.0,0.0107,0.0109
In-Sn,0.1100000000000001,0.17999999999999994,1.5575623000000007,0.0,1.0,1.0,1.0,0.0,0.0,1.0,1.0,0.0,0.0107,0.0132
In-Ta,0.43999999999999995,0.28,1.7632153000000006,1.0,8.0,1.0,24.0,0.0,0.5,0.5,1.0,0.0,0.0107,0.0
In-Te,0.33000000000000007,0.32000000000000006,3.2234523,0.0,3.0,3.0,3.0,0.5,0.0,0.5,0.5,0.0,0.0107,0.1307
In-Ti,0.19999999999999996,0.24,1.0417643000000005,1.0,9.0,1.0,27.0,0.0,0.5,0.5,1.0,0.0,0.0107,0.1078
In-V,0.1499999999999999,0.15000000000000013,0.9598313000000003,1.0,8.0,1.0,26.0,0.0,0.5,0.5,1.0,0.0,0.0107,0.0
In-W,0.3699999999999999,0.5799999999999998,2.0776743,1.0,7.0,1.0,25.0,0.0,0.5,0.5,1.0,0.0,0.0107,0.0
In-Y,0.56,0.56,0.4309042999999999,0.0,10.0,1.0,10.0,0.0,0.5,0.5,1.0,0.0,0.0107,0.1242
In-Zn,0.14000000000000012,0.13000000000000012,3.6078413000000005,1.0,1.0,1.0,19.0,0.0,0.5,0.5,1.0,0.0,0.0107,0.0677
In-Zr,0.5,0.44999999999999996,0.8477703000000005,0.0,9.0,1.0,9.0,0.0,0.5,0.5,1.0,0.0,0.0107,0.0808
Ir-Mg,0.3500000000000001,0.8900000000000001,1.3207839999999997,3.0,7.0,0.0,65.0,0.0,0.5,0.0,1.0,0.5,0.619,0.0287
Ir-Mn,0.18999999999999995,0.6500000000000001,1.5329819999999996,2.0,2.0,0.0,52.0,0.0,1.0,0.0,1.0,0.0,0.619,0.0975
Ir-Mo,0.09999999999999987,0.040000000000000036,1.8745899999999995,1.0,3.0,1.0,35.0,0.0,1.0,0.0,1.0,0.0,0.619,0.0
Ir-Nb,0.17999999999999994,0.6000000000000001,2.20817,1.0,4.0,1.0,36.0,0.0,1.0,0.0,1.0,0.0,0.619,0.0
Ir-Ni,0.31000000000000005,0.29000000000000026,1.3271419999999994,2.0,1.0,0.0,49.0,0.0,1.0,0.0,1.0,0.0,0.619,0.0944
Ir-Os,0.050000000000000044,0.0,0.528789999999999,0.0,1.0,0.0,1.0,0.0,1.0,0.0,1.0,0.0,0.619,0.8884
Ir-Pb,0.26,0.1299999999999999,1.5503400999999997,0.0,5.0,0.0,5.0,0.0,0.5,0.5,1.0,0.0,0.619,0.0422
Ir-Pd,0.1100000000000001,0.0,0.6301810000000003,1.0,1.0,8.0,31.0,0.0,1.0,0.0,1.0,0.0,0.619,0.0493
Ir-Pt,0.030000000000000027,0.07999999999999963,0.008189999999999031,0.0,1.0,1.0,1.0,0.0,1.0,0.0,1.0,0.0,0.619,0.1002
Ir-Re,0.07999999999999985,0.30000000000000027,1.1334999999999997,0.0,2.0,0.0,2.0,0.0,1.0,0.0,1.0,0.0,0.619,0.3144
Ir-Rh,0.07000000000000006,0.07999999999999963,1.50812,1.0,0.0,1.0,32.0,0.0,1.0,0.0,1.0,0.0,0.619,0.3299
Ir-Ru,0.020000000000000018,0.0,1.6065199999999997,1.0,1.0,1.0,33.0,0.0,1.0,0.0,1.0,0.0,0.619,0.6074
Ir-Sb,0.47,0.15000000000000036,0.35863099999999903,1.0,6.0,1.0,26.0,0.5,0.5,0.0,0.5,0.0,0.619,0.0
Ir-Sc,0.040000000000000036,0.8400000000000001,2.4055299999999997,2.0,6.0,0.0,56.0,0.0,1.0,0.0,1.0,0.0,0.619,0.1053
Ir-Si,0.69,0.30000000000000027,0.8153399999999991,3.0,5.0,0.0,63.0,0.5,0.5,0.0,0.5,0.0,0.619,0.0109
Ir-Sn,0.3500000000000001,0.2400000000000002,1.6231019999999994,1.0,5.0,0.0,27.0,0.0,0.5,0.5,1.0,0.0,0.619,0.0132
Ir-Ta,0.19999999999999996,0.7000000000000002,1.4174489999999995,0.0,4.0,0.0,4.0,0.0,1.0,0.0,1.0,0.0,0.619,0.0
Ir-Te,0.5700000000000001,0.10000000000000009,0.042787999999999826,1.0,7.0,2.0,25.0,0.5,0.5,0.0,0.5,0.0,0.619,0.1307
Ir-Ti,0.040000000000000036,0.6600000000000001,2.1388999999999996,2.0,5.0,0.0,55.0,0.0,1.0,0.0,1.0,0.0,0.619,0.1078
Ir-V,0.09000000000000008,0.5700000000000003,2.220833,2.0,4.0,0.0,54.0,0.0,1.0,0.0,1.0,0.0,0.619,0.0
Ir-W,0.1299999999999999,0.1599999999999997,1.1029900000000001,0.0,3.0,0.0,3.0,0.0,1.0,0.0,1.0,0.0,0.619,0.0
Ir-Y,0.32000000000000006,0.9800000000000002,2.74976,1.0,6.0,0.0,38.0,0.0,1.0,0.0,1.0,0.0,0.619,0.1242
Ir-Zn,0.3800000000000001,0.5500000000000003,0.42717700000000036,2.0,3.0,0.0,47.0,0.0,1.0,0.0,1.0,0.0,0.619,0.0677
Ir-Zr,0.26,0.8700000000000001,2.3328939999999996,1.0,5.0,0.0,37.0,0.0,1.0,0.0,1.0,0.0,0.619,0.0808
Mg-Mn,0.16000000000000014,0.24,0.2121979999999999,1.0,5.0,0.0,13.0,0.0,0.5,0.0,1.0,0.5,0.0287,0.0975
Mg-Mo,0.44999999999999996,0.8500000000000001,0.5538059999999998,2.0,4.0,1.0,30.0,0.0,0.5,0.0,1.0,0.5,0.0287,0.0
Mg-Nb,0.53,0.29000000000000004,0.8873860000000002,2.0,3.0,1.0,29.0,0.0,0.5,0.0,1.0,0.5,0.0287,0.0
Mg-Ni,0.040000000000000036,0.5999999999999999,0.006357999999999642,1.0,8.0,0.0,16.0,0.0,0.5,0.0,1.0,0.5,0.0287,0.0944
Mg-Os,0.40000000000000013,0.8900000000000001,0.7919940000000008,3.0,6.0,0.0,64.0,0.0,0.5,0.0,1.0,0.5,0.0287,0.8884
Mg-Pb,0.09000000000000008,1.02,0.22955609999999993,3.0,12.0,0.0,70.0,0.0,0.0,0.5,1.0,0.5,0.0287,0.0422
Mg-Pd,0.24,0.8900000000000001,0.6906029999999994,2.0,8.0,8.0,34.0,0.0,0.5,0.0,1.0,0.5,0.0287,0.0493
Mg-Pt,0.32000000000000006,0.9699999999999998,1.3125940000000007,3.0,8.0,1.0,66.0,0.0,0.5,0.0,1.0,0.5,0.0287,0.1002
Mg-Re,0.42999999999999994,0.5899999999999999,0.187284,3.0,5.0,0.0,63.0,0.0,0.5,0.0,1.0,0.5,0.0287,0.3144
Mg-Rh,0.28,0.9699999999999998,0.18733600000000017,2.0,7.0,1.0,33.0,0.0,0.5,0.0,1.0,0.5,0.0287,0.3299
Mg-Ru,0.33000000000000007,0.8900000000000001,0.285736,2.0,6.0,1.0,32.0,0.0,0.5,0.0,1.0,0.5,0.0287,0.6074
Mg-Sb,0.11999999999999988,0.7399999999999998,0.9621530000000007,2.0,13.0,1.0,39.0,0.5,0.0,0.0,0.5,0.5,0.0287,0.0
Mg-Sc,0.3900000000000001,0.050000000000000044,1.084746,1.0,1.0,0.0,9.0,0.0,0.5,0.0,1.0,0.5,0.0287,0.1053
Mg-Si,0.33999999999999986,0.5899999999999999,0.5054440000000007,0.0,12.0,0.0,2.0,0.5,0.0,0.0,0.5,0.5,0.0287,0.0109
Mg-Sn,0.0,0.6499999999999999,0.30231799999999964,2.0,12.0,0.0,38.0,0.0,0.0,0.5,1.0,0.5,0.0287,0.0132
Mg-Ta,0.55,0.18999999999999995,0.09666499999999978,3.0,3.0,0.0,61.0,0.0,0.5,0.0,1.0,0.5,0.0287,0.0
Mg-Te,0.21999999999999997,0.79,1.3635719999999996,2.0,14.0,2.0,40.0,0.5,0.0,0.0,0.5,0.5,0.0287,0.1307
Mg-Ti,0.31000000000000005,0.22999999999999998,0.8181159999999998,1.0,2.0,0.0,10.0,0.0,0.5,0.0,1.0,0.5,0.0287,0.1078
Mg-V,0.26,0.31999999999999984,0.9000490000000001,1.0,3.0,0.0,11.0,0.0,0.5,0.0,1.0,0.5,0.0287,0.0
Mg-W,0.48,1.0499999999999998,0.2177939999999996,3.0,4.0,0.0,62.0,0.0,0.5,0.0,1.0,0.5,0.0287,0.0
Mg-Y,0.6700000000000002,0.09000000000000008,1.4289760000000005,2.0,1.0,0.0,27.0,0.0,0.5,0.0,1.0,0.5,0.0287,0.1242
Mg-Zn,0.030000000000000027,0.33999999999999986,1.747961,1.0,10.0,0.0,18.0,0.0,0.5,0.0,1.0,0.5,0.0287,0.0677
Mg-Zr,0.6100000000000001,0.020000000000000018,1.0121099999999998,2.0,2.0,0.0,28.0,0.0,0.5,0.0,1.0,0.5,0.0287,0.0808
Mn-Mo,0.2899999999999998,0.6100000000000001,0.3416079999999999,1.0,1.0,1.0,17.0,0.0,1.0,0.0,1.0,0.0,0.0975,0.0
Mn-Nb,0.3699999999999999,0.050000000000000044,0.6751880000000003,1.0,2.0,1.0,16.0,0.0,1.0,0.0,1.0,0.0,0.0975,0.0
Mn-Ni,0.1200000000000001,0.3599999999999999,0.20584000000000024,0.0,3.0,0.0,3.0,0.0,1.0,0.0,1.0,0.0,0.0975,0.0944
Mn-Os,0.24,0.6500000000000001,1.0041920000000006,2.0,1.0,0.0,51.0,0.0,1.0,0.0,1.0,0.0,0.0975,0.8884
Mn-Pb,0.07000000000000006,0.78,0.017358100000000043,2.0,7.0,0.0,57.0,0.0,0.5,0.5,1.0,0.0,0.0975,0.0422
Mn-Pd,0.07999999999999985,0.6500000000000001,0.9028009999999993,1.0,3.0,8.0,21.0,0.0,1.0,0.0,1.0,0.0,0.0975,0.0493
Mn-Pt,0.15999999999999992,0.7299999999999998,1.5247920000000006,2.0,3.0,1.0,53.0,0.0,1.0,0.0,1.0,0.0,0.0975,0.1002
Mn-Re,0.2699999999999998,0.34999999999999987,0.3994819999999999,2.0,0.0,0.0,50.0,0.0,1.0,0.0,1.0,0.0,0.0975,0.3144
Mn-Rh,0.11999999999999988,0.7299999999999998,0.024861999999999718,1.0,2.0,1.0,20.0,0.0,1.0,0.0,1.0,0.0,0.0975,0.3299
Mn-Ru,0.16999999999999993,0.6500000000000001,0.0735380000000001,1.0,1.0,1.0,19.0,0.0,1.0,0.0,1.0,0.0,0.0975,0.6074
Mn-Sb,0.28,0.4999999999999998,1.1743510000000006,1.0,8.0,1.0,26.0,0.5,0.5,0.0,0.5,0.0,0.0975,0.0
Mn-Sc,0.22999999999999998,0.18999999999999995,0.8725480000000001,0.0,4.0,0.0,4.0,0.0,1.0,0.0,1.0,0.0,0.0975,0.1053
Mn-Si,0.5,0.34999999999999987,0.7176420000000006,1.0,7.0,0.0,11.0,0.5,0.5,0.0,0.5,0.0,0.0975,0.0109
Mn-Sn,0.16000000000000014,0.4099999999999999,0.09011999999999976,1.0,7.0,0.0,25.0,0.0,0.5,0.5,1.0,0.0,0.0975,0.0132
Mn-Ta,0.3899999999999999,0.050000000000000044,0.11553300000000011,2.0,2.0,0.0,48.0,0.0,1.0,0.0,1.0,0.0,0.0975,0.0
Mn-Te,0.3800000000000001,0.55,1.5757699999999994,1.0,9.0,2.0,27.0,0.5,0.5,0.0,0.5,0.0,0.0975,0.1307
Mn-Ti,0.1499999999999999,0.010000000000000009,0.605918,0.0,3.0,0.0,3.0,0.0,1.0,0.0,1.0,0.0,0.0975,0.1078
Mn-V,0.09999999999999987,0.07999999999999985,0.6878510000000002,0.0,2.0,0.0,2.0,0.0,1.0,0.0,1.0,0.0,0.0975,0.0
Mn-W,0.31999999999999984,0.8099999999999998,0.4299919999999995,2.0,1.0,0.0,49.0,0.0,1.0,0.0,1.0,0.0,0.0975,0.0
Mn-Y,0.51,0.33000000000000007,1.2167780000000006,1.0,4.0,0.0,14.0,0.0,1.0,0.0,1.0,0.0,0.0975,0.1242
Mn-Zn,0.19000000000000017,0.09999999999999987,1.960159,0.0,5.0,0.0,5.0,0.0,1.0,0.0,1.0,0.0,0.0975,0.0677
Mn-Zr,0.44999999999999996,0.21999999999999997,0.799912,1.0,3.0,0.0,15.0,0.0,1.0,0.0,1.0,0.0,0.0975,0.0808
Mo-Nb,0.08000000000000007,0.56,0.33358000000000043,0.0,1.0,0.0,1.0,0.0,1.0,0.0,1.0,0.0,0.0,0.0
Mo-Ni,0.4099999999999999,0.2500000000000002,0.5474480000000002,1.0,4.0,1.0,14.0,0.0,1.0,0.0,1.0,0.0,0.0,0.0944
Mo-Os,0.04999999999999982,0.040000000000000036,1.3458000000000006,1.0,2.0,1.0,34.0,0.0,1.0,0.0,1.0,0.0,0.0,0.8884
Mo-Pb,0.3599999999999999,0.16999999999999993,0.32424989999999987,1.0,8.0,1.0,40.0,0.0,0.5,0.5,1.0,0.0,0.0,0.0422
Mo-Pd,0.20999999999999996,0.040000000000000036,1.2444089999999992,0.0,4.0,9.0,4.0,0.0,1.0,0.0,1.0,0.0,0.0,0.0493
Mo-Pt,0.1299999999999999,0.11999999999999966,1.8664000000000005,1.0,4.0,0.0,36.0,0.0,1.0,0.0,1.0,0.0,0.0,0.1002
Mo-Re,0.020000000000000018,0.26000000000000023,0.7410899999999998,1.0,1.0,1.0,33.0,0.0,1.0,0.0,1.0,0.0,0.0,0.3144
Mo-Rh,0.16999999999999993,0.11999999999999966,0.36646999999999963,0.0,3.0,0.0,3.0,0.0,1.0,0.0,1.0,0.0,0.0,0.3299
Mo-Ru,0.11999999999999988,0.040000000000000036,0.2680699999999998,0.0,2.0,0.0,2.0,0.0,1.0,0.0,1.0,0.0,0.0,0.6074
Mo-Sb,0.5699999999999998,0.11000000000000032,1.5159590000000005,0.0,9.0,2.0,9.0,0.5,0.5,0.0,0.5,0.0,0.0,0.0
Mo-Sc,0.05999999999999983,0.8,0.5309400000000002,1.0,3.0,1.0,21.0,0.0,1.0,0.0,1.0,0.0,0.0,0.1053
Mo-Si,0.7899999999999998,0.26000000000000023,1.0592500000000005,2.0,8.0,1.0,28.0,0.5,0.5,0.0,0.5,0.0,0.0,0.0109
Mo-Sn,0.44999999999999996,0.20000000000000018,0.25148800000000016,0.0,8.0,1.0,8.0,0.0,0.5,0.5,1.0,0.0,0.0,0.0132
Mo-Ta,0.10000000000000009,0.6600000000000001,0.457141,1.0,1.0,1.0,31.0,0.0,1.0,0.0,1.0,0.0,0.0,0.0
Mo-Te,0.6699999999999999,0.06000000000000005,1.9173779999999994,0.0,10.0,3.0,10.0,0.5,0.5,0.0,0.5,0.0,0.0,0.1307
Mo-Ti,0.1399999999999999,0.6200000000000001,0.26431000000000004,1.0,2.0,1.0,20.0,0.0,1.0,0.0,1.0,0.0,0.0,0.1078
Mo-V,0.18999999999999995,0.5300000000000002,0.3462430000000003,1.0,1.0,1.0,19.0,0.0,1.0,0.0,1.0,0.0,0.0,0.0
Mo-W,0.030000000000000027,0.19999999999999973,0.7715999999999994,1.0,0.0,1.0,32.0,0.0,1.0,0.0,1.0,0.0,0.0,0.0
Mo-Y,0.2200000000000002,0.9400000000000002,0.8751700000000007,0.0,3.0,1.0,3.0,0.0,1.0,0.0,1.0,0.0,0.0,0.1242
Mo-Zn,0.48,0.5100000000000002,2.301767,1.0,6.0,1.0,12.0,0.0,1.0,0.0,1.0,0.0,0.0,0.0677
Mo-Zr,0.16000000000000014,0.8300000000000001,0.45830400000000004,0.0,2.0,1.0,2.0,0.0,1.0,0.0,1.0,0.0,0.0,0.0808
Nb-Ni,0.49,0.30999999999999983,0.8810280000000006,1.0,5.0,1.0,13.0,0.0,1.0,0.0,1.0,0.0,0.0,0.0944
Nb-Os,0.1299999999999999,0.6000000000000001,1.679380000000001,1.0,3.0,1.0,35.0,0.0,1.0,0.0,1.0,0.0,0.0,0.8884
Nb-Pb,0.43999999999999995,0.73,0.6578299000000003,1.0,9.0,1.0,41.0,0.0,0.5,0.5,1.0,0.0,0.0,0.0422
Nb-Pd,0.29000000000000004,0.6000000000000001,1.5779889999999996,0.0,5.0,9.0,5.0,0.0,1.0,0.0,1.0,0.0,0.0,0.0493
Nb-Pt,0.20999999999999996,0.6799999999999997,2.199980000000001,1.0,5.0,0.0,37.0,0.0,1.0,0.0,1.0,0.0,0.0,0.1002
Nb-Re,0.10000000000000009,0.2999999999999998,1.0746700000000002,1.0,2.0,1.0,34.0,0.0,1.0,0.0,1.0,0.0,0.0,0.3144
Nb-Rh,0.25,0.6799999999999997,0.7000500000000001,0.0,4.0,0.0,4.0,0.0,1.0,0.0,1.0,0.0,0.0,0.3299
Nb-Ru,0.19999999999999996,0.6000000000000001,0.6016500000000002,0.0,3.0,0.0,3.0,0.0,1.0,0.0,1.0,0.0,0.0,0.6074
Nb-Sb,0.6499999999999999,0.44999999999999973,1.849539000000001,0.0,10.0,2.0,10.0,0.5,0.5,0.0,0.5,0.0,0.0,0.0
Nb-Sc,0.1399999999999999,0.24,0.19735999999999976,1.0,2.0,1.0,20.0,0.0,1.0,0.0,1.0,0.0,0.0,0.1053
Nb-Si,0.8699999999999999,0.2999999999999998,1.392830000000001,2.0,9.0,1.0,27.0,0.5,0.5,0.0,0.5,0.0,0.0,0.0109
Nb-Sn,0.53,0.3599999999999999,0.5850680000000006,0.0,9.0,1.0,9.0,0.0,0.5,0.5,1.0,0.0,0.0,0.0132
Nb-Ta,0.020000000000000018,0.10000000000000009,0.7907210000000005,1.0,0.0,1.0,32.0,0.0,1.0,0.0,1.0,0.0,0.0,0.0
Nb-Te,0.75,0.5,2.250958,0.0,11.0,3.0,11.0,0.5,0.5,0.0,0.5,0.0,0.0,0.1307
Nb-Ti,0.21999999999999997,0.06000000000000005,0.06927000000000039,1.0,1.0,1.0,19.0,0.0,1.0,0.0,1.0,0.0,0.0,0.1078
Nb-V,0.27,0.029999999999999805,0.012662999999999869,1.0,0.0,1.0,18.0,0.0,1.0,0.0,1.0,0.0,0.0,0.0
Nb-W,0.050000000000000044,0.7599999999999998,1.1051799999999998,1.0,1.0,1.0,33.0,0.0,1.0,0.0,1.0,0.0,0.0,0.0
Nb-Y,0.14000000000000012,0.3800000000000001,0.5415900000000002,0.0,2.0,1.0,2.0,0.0,1.0,0.0,1.0,0.0,0.0,0.1242
Nb-Zn,0.56,0.04999999999999982,2.6353470000000003,1.0,7.0,1.0,11.0,0.0,1.0,0.0,1.0,0.0,0.0,0.0677
Nb-Zr,0.08000000000000007,0.27,0.12472399999999961,0.0,1.0,1.0,1.0,0.0,1.0,0.0,1.0,0.0,0.0,0.0808
Ni-Os,0.3600000000000001,0.29000000000000026,0.7983520000000004,2.0,2.0,0.0,48.0,0.0,1.0,0.0,1.0,0.0,0.0944,0.8884
Ni-Pb,0.050000000000000044,0.42000000000000015,0.2231981000000003,2.0,4.0,0.0,54.0,0.0,0.5,0.5,1.0,0.0,0.0944,0.0422
Ni-Pd,0.19999999999999996,0.29000000000000026,0.696960999999999,1.0,0.0,8.0,18.0,0.0,1.0,0.0,1.0,0.0,0.0944,0.0493
Ni-Pt,0.28,0.3699999999999999,1.3189520000000003,2.0,0.0,1.0,50.0,0.0,1.0,0.0,1.0,0.0,0.0944,0.1002
Ni-Re,0.3899999999999999,0.010000000000000009,0.19364199999999965,2.0,3.0,0.0,47.0,0.0,1.0,0.0,1.0,0.0,0.0944,0.3144
Ni-Rh,0.24,0.3699999999999999,0.18097800000000053,1.0,1.0,1.0,17.0,0.0,1.0,0.0,1.0,0.0,0.0944,0.3299
Ni-Ru,0.29000000000000004,0.29000000000000026,0.27937800000000035,1.0,2.0,1.0,16.0,0.0,1.0,0.0,1.0,0.0,0.0944,0.6074
Ni-Sb,0.15999999999999992,0.1399999999999999,0.9685110000000003,1.0,5.0,1.0,23.0,0.5,0.5,0.0,0.5,0.0,0.0944,0.0
Ni-Sc,0.3500000000000001,0.5499999999999998,1.0783880000000003,0.0,7.0,0.0,7.0,0.0,1.0,0.0,1.0,0.0,0.0944,0.1053
Ni-Si,0.3799999999999999,0.010000000000000009,0.5118020000000003,1.0,4.0,0.0,14.0,0.5,0.5,0.0,0.5,0.0,0.0944,0.0109
Ni-Sn,0.040000000000000036,0.050000000000000044,0.29596,1.0,4.0,0.0,22.0,0.0,0.5,0.5,1.0,0.0,0.0944,0.0132
Ni-Ta,0.51,0.4099999999999999,0.09030700000000014,2.0,5.0,0.0,45.0,0.0,1.0,0.0,1.0,0.0,0.0944,0.0
Ni-Te,0.26,0.19000000000000017,1.3699299999999992,1.0,6.0,2.0,24.0,0.5,0.5,0.0,0.5,0.0,0.0944,0.1307
Ni-Ti,0.27,0.3699999999999999,0.8117580000000002,0.0,6.0,0.0,6.0,0.0,1.0,0.0,1.0,0.0,0.0944,0.1078
Ni-V,0.21999999999999997,0.28,0.8936910000000005,0.0,5.0,0.0,5.0,0.0,1.0,0.0,1.0,0.0,0.0944,0.0
Ni-W,0.43999999999999995,0.44999999999999996,0.22415199999999924,2.0,4.0,0.0,46.0,0.0,1.0,0.0,1.0,0.0,0.0944,0.0
Ni-Y,0.6300000000000001,0.69,1.4226180000000008,1.0,7.0,0.0,11.0,0.0,1.0,0.0,1.0,0.0,0.0944,0.1242
Ni-Zn,0.07000000000000006,0.26,1.7543189999999997,0.0,2.0,0.0,2.0,0.0,1.0,0.0,1.0,0.0,0.0944,0.0677
Ni-Zr,0.5700000000000001,0.5799999999999998,1.0057520000000002,1.0,6.0,0.0,12.0,0.0,1.0,0.0,1.0,0.0,0.0944,0.0808
Os-Pb,0.31000000000000005,0.1299999999999999,1.0215501000000007,0.0,6.0,0.0,6.0,0.0,0.5,0.5,1.0,0.0,0.8884,0.0422
Os-Pd,0.16000000000000014,0.0,0.10139100000000134,1.0,2.0,8.0,30.0,0.0,1.0,0.0,1.0,0.0,0.8884,0.0493
Os-Pt,0.08000000000000007,0.07999999999999963,0.5206,0.0,2.0,1.0,2.0,0.0,1.0,0.0,1.0,0.0,0.8884,0.1002
Os-Re,0.029999999999999805,0.30000000000000027,0.6047100000000007,0.0,1.0,0.0,1.0,0.0,1.0,0.0,1.0,0.0,0.8884,0.3144
Os-Rh,0.1200000000000001,0.07999999999999963,0.9793300000000009,1.0,1.0,1.0,31.0,0.0,1.0,0.0,1.0,0.0,0.8884,0.3299
Os-Ru,0.07000000000000006,0.0,1.0777300000000007,1.0,0.0,1.0,32.0,0.0,1.0,0.0,1.0,0.0,0.8884,0.6074
Os-Sb,0.52,0.15000000000000036,0.17015899999999995,1.0,7.0,1.0,25.0,0.5,0.5,0.0,0.5,0.0,0.8884,0.0
Os-Sc,0.010000000000000009,0.8400000000000001,1.8767400000000007,2.0,5.0,0.0,55.0,0.0,1.0,0.0,1.0,0.0,0.8884,0.1053
Os-Si,0.74,0.30000000000000027,0.2865500000000001,3.0,6.0,0.0,62.0,0.5,0.5,0.0,0.5,0.0,0.8884,0.0109
Os-Sn,0.40000000000000013,0.2400000000000002,1.0943120000000004,1.0,6.0,0.0,26.0,0.0,0.5,0.5,1.0,0.0,0.8884,0.0132
Os-Ta,0.1499999999999999,0.7000000000000002,0.8886590000000005,0.0,3.0,0.0,3.0,0.0,1.0,0.0,1.0,0.0,0.8884,0.0
Os-Te,0.6200000000000001,0.10000000000000009,0.5715779999999988,1.0,8.0,2.0,24.0,0.5,0.5,0.0,0.5,0.0,0.8884,0.1307
Os-Ti,0.09000000000000008,0.6600000000000001,1.6101100000000006,2.0,4.0,0.0,54.0,0.0,1.0,0.0,1.0,0.0,0.8884,0.1078
Os-V,0.14000000000000012,0.5700000000000003,1.6920430000000009,2.0,3.0,0.0,53.0,0.0,1.0,0.0,1.0,0.0,0.8884,0.0
Os-W,0.07999999999999985,0.1599999999999997,0.5742000000000012,0.0,2.0,0.0,2.0,0.0,1.0,0.0,1.0,0.0,0.8884,0.0
Os-Y,0.27,0.9800000000000002,2.220970000000001,1.0,5.0,0.0,37.0,0.0,1.0,0.0,1.0,0.0,0.8884,0.1242
Os-Zn,0.43000000000000016,0.5500000000000003,0.9559669999999993,2.0,4.0,0.0,46.0,0.0,1.0,0.0,1.0,0.0,0.8884,0.0677
Os-Zr,0.20999999999999996,0.8700000000000001,1.8041040000000006,1.0,4.0,0.0,36.0,0.0,1.0,0.0,1.0,0.0,0.8884,0.0808
Pb-Pd,0.1499999999999999,0.1299999999999999,0.9201590999999993,1.0,4.0,8.0,36.0,0.0,0.5,0.5,1.0,0.0,0.0422,0.0493
Pb-Pt,0.22999999999999998,0.050000000000000266,1.5421501000000006,0.0,4.0,1.0,4.0,0.0,0.5,0.5,1.0,0.0,0.0422,0.1002
Pb-Re,0.33999999999999986,0.43000000000000016,0.41684009999999994,0.0,7.0,0.0,7.0,0.0,0.5,0.5,1.0,0.0,0.0422,0.3144
Pb-Rh,0.18999999999999995,0.050000000000000266,0.04222009999999976,1.0,5.0,1.0,37.0,0.0,0.5,0.5,1.0,0.0,0.0422,0.3299
Pb-Ru,0.24,0.1299999999999999,0.05617990000000006,1.0,6.0,1.0,38.0,0.0,0.5,0.5,1.0,0.0,0.0422,0.6074
Pb-Sb,0.20999999999999996,0.28000000000000025,1.1917091000000006,1.0,1.0,1.0,31.0,0.5,0.0,0.5,0.5,0.0,0.0422,0.0
Pb-Sc,0.30000000000000004,0.97,0.8551899000000001,2.0,11.0,0.0,61.0,0.0,0.5,0.5,1.0,0.0,0.0422,0.1053
Pb-Si,0.42999999999999994,0.43000000000000016,0.7350001000000006,3.0,0.0,0.0,68.0,0.5,0.0,0.5,0.5,0.0,0.0422,0.0109
Pb-Sn,0.09000000000000008,0.3700000000000001,0.07276189999999971,1.0,0.0,0.0,32.0,0.0,0.0,1.0,1.0,0.0,0.0422,0.0132
Pb-Ta,0.45999999999999996,0.8300000000000001,0.13289110000000015,0.0,9.0,0.0,9.0,0.0,0.5,0.5,1.0,0.0,0.0422,0.0
Pb-Te,0.31000000000000005,0.22999999999999998,1.5931280999999995,1.0,2.0,2.0,30.0,0.5,0.0,0.5,0.5,0.0,0.0422,0.1307
Pb-Ti,0.21999999999999997,0.79,0.5885598999999999,2.0,10.0,0.0,60.0,0.0,0.5,0.5,1.0,0.0,0.0422,0.1078
Pb-V,0.16999999999999993,0.7000000000000002,0.6704929000000002,2.0,9.0,0.0,59.0,0.0,0.5,0.5,1.0,0.0,0.0422,0.0
Pb-W,0.3899999999999999,0.029999999999999805,0.44735009999999953,0.0,8.0,0.0,8.0,0.0,0.5,0.5,1.0,0.0,0.0422,0.0
Pb-Y,0.5800000000000001,1.11,1.1994199000000005,1.0,11.0,0.0,43.0,0.0,0.5,0.5,1.0,0.0,0.0422,0.1242
Pb-Zn,0.1200000000000001,0.6800000000000002,1.9775171,2.0,2.0,0.0,52.0,0.0,0.5,0.5,1.0,0.0,0.0422,0.0677
Pb-Zr,0.52,1.0,0.7825538999999999,1.0,10.0,0.0,42.0,0.0,0.5,0.5,1.0,0.0,0.0422,0.0808
Pd-Pt,0.08000000000000007,0.07999999999999963,0.6219910000000013,1.0,0.0,9.0,32.0,0.0,1.0,0.0,1.0,0.0,0.0493,0.1002
Pd-Re,0.18999999999999995,0.30000000000000027,0.5033189999999994,1.0,3.0,8.0,29.0,0.0,1.0,0.0,1.0,0.0,0.0493,0.3144
Pd-Rh,0.040000000000000036,0.07999999999999963,0.8779389999999996,0.0,1.0,9.0,1.0,0.0,1.0,0.0,1.0,0.0,0.0493,0.3299
Pd-Ru,0.09000000000000008,0.0,0.9763389999999994,0.0,2.0,9.0,2.0,0.0,1.0,0.0,1.0,0.0,0.0493,0.6074
Pd-Sb,0.3599999999999999,0.15000000000000036,0.2715500000000013,0.0,5.0,7.0,5.0,0.5,0.5,0.0,0.5,0.0,0.0493,0.0
Pd-Sc,0.15000000000000013,0.8400000000000001,1.7753489999999994,1.0,7.0,8.0,25.0,0.0,1.0,0.0,1.0,0.0,0.0493,0.1053
Pd-Si,0.5799999999999998,0.30000000000000027,0.18515899999999874,2.0,4.0,8.0,32.0,0.5,0.5,0.0,0.5,0.0,0.0493,0.0109
Pd-Sn,0.24,0.2400000000000002,0.992920999999999,0.0,4.0,8.0,4.0,0.0,0.5,0.5,1.0,0.0,0.0493,0.0132
Pd-Ta,0.31000000000000005,0.7000000000000002,0.7872679999999992,1.0,5.0,8.0,27.0,0.0,1.0,0.0,1.0,0.0,0.0493,0.0
Pd-Te,0.45999999999999996,0.10000000000000009,0.6729690000000002,0.0,6.0,6.0,6.0,0.5,0.5,0.0,0.5,0.0,0.0493,0.1307
Pd-Ti,0.07000000000000006,0.6600000000000001,1.5087189999999993,1.0,6.0,8.0,24.0,0.0,1.0,0.0,1.0,0.0,0.0493,0.1078
Pd-V,0.020000000000000018,0.5700000000000003,1.5906519999999995,1.0,5.0,8.0,23.0,0.0,1.0,0.0,1.0,0.0,0.0493,0.0
Pd-W,0.24,0.1599999999999997,0.4728089999999998,1.0,4.0,8.0,28.0,0.0,1.0,0.0,1.0,0.0,0.0493,0.0
Pd-Y,0.43000000000000016,0.9800000000000002,2.119579,0.0,7.0,8.0,7.0,0.0,1.0,0.0,1.0,0.0,0.0493,0.1242
Pd-Zn,0.27,0.5500000000000003,1.0573580000000007,1.0,2.0,8.0,16.0,0.0,1.0,0.0,1.0,0.0,0.0493,0.0677
Pd-Zr,0.3700000000000001,0.8700000000000001,1.7027129999999993,0.0,6.0,8.0,6.0,0.0,1.0,0.0,1.0,0.0,0.0493,0.0808
Pt-Re,0.10999999999999988,0.3799999999999999,1.1253100000000007,0.0,3.0,1.0,3.0,0.0,1.0,0.0,1.0,0.0,0.1002,0.3144
Pt-Rh,0.040000000000000036,0.0,1.4999300000000009,1.0,1.0,0.0,33.0,0.0,1.0,0.0,1.0,0.0,0.1002,0.3299
Pt-Ru,0.010000000000000009,0.07999999999999963,1.5983300000000007,1.0,2.0,0.0,34.0,0.0,1.0,0.0,1.0,0.0,0.1002,0.6074
Pt-Sb,0.43999999999999995,0.22999999999999998,0.350441,1.0,5.0,2.0,27.0,0.5,0.5,0.0,0.5,0.0,0.1002,0.0
Pt-Sc,0.07000000000000006,0.9199999999999997,2.3973400000000007,2.0,7.0,1.0,57.0,0.0,1.0,0.0,1.0,0.0,0.1002,0.1053
Pt-Si,0.6599999999999999,0.3799999999999999,0.80715,3.0,4.0,1.0,64.0,0.5,0.5,0.0,0.5,0.0,0.1002,0.0109
Pt-Sn,0.32000000000000006,0.31999999999999984,1.6149120000000003,1.0,4.0,1.0,28.0,0.0,0.5,0.5,1.0,0.0,0.1002,0.0132
Pt-Ta,0.22999999999999998,0.7799999999999998,1.4092590000000005,0.0,5.0,1.0,5.0,0.0,1.0,0.0,1.0,0.0,0.1002,0.0
Pt-Te,0.54,0.17999999999999972,0.05097799999999886,1.0,6.0,3.0,26.0,0.5,0.5,0.0,0.5,0.0,0.1002,0.1307
Pt-Ti,0.010000000000000009,0.7399999999999998,2.1307100000000005,2.0,6.0,1.0,56.0,0.0,1.0,0.0,1.0,0.0,0.1002,0.1078
Pt-V,0.06000000000000005,0.6499999999999999,2.212643000000001,2.0,5.0,1.0,55.0,0.0,1.0,0.0,1.0,0.0,0.1002,0.0
Pt-W,0.15999999999999992,0.08000000000000007,1.094800000000001,0.0,4.0,1.0,4.0,0.0,1.0,0.0,1.0,0.0,0.1002,0.0
Pt-Y,0.3500000000000001,1.0599999999999998,2.741570000000001,1.0,7.0,1.0,39.0,0.0,1.0,0.0,1.0,0.0,0.1002,0.1242
Pt-Zn,0.3500000000000001,0.6299999999999999,0.4353669999999994,2.0,2.0,1.0,48.0,0.0,1.0,0.0,1.0,0.0,0.1002,0.0677
Pt-Zr,0.29000000000000004,0.9499999999999997,2.3247040000000005,1.0,6.0,1.0,38.0,0.0,1.0,0.0,1.0,0.0,0.1002,0.0808
Re-Rh,0.1499999999999999,0.3799999999999999,0.3746200000000002,1.0,2.0,1.0,30.0,0.0,1.0,0.0,1.0,0.0,0.3144,0.3299
Re-Ru,0.09999999999999987,0.30000000000000027,0.47302,1.0,1.0,1.0,31.0,0.0,1.0,0.0,1.0,0.0,0.3144,0.6074
Re-Sb,0.5499999999999998,0.1499999999999999,0.7748690000000007,1.0,8.0,1.0,24.0,0.5,0.5,0.0,0.5,0.0,0.3144,0.0
Re-Sc,0.039999999999999813,0.5399999999999998,1.27203,2.0,4.0,0.0,54.0,0.0,1.0,0.0,1.0,0.0,0.3144,0.1053
Re-Si,0.7699999999999998,0.0,0.31816000000000066,3.0,7.0,0.0,61.0,0.5,0.5,0.0,0.5,0.0,0.3144,0.0109
Re-Sn,0.42999999999999994,0.06000000000000005,0.48960199999999965,1.0,7.0,0.0,25.0,0.0,0.5,0.5,1.0,0.0,0.3144,0.0132
Re-Ta,0.1200000000000001,0.3999999999999999,0.2839489999999998,0.0,2.0,0.0,2.0,0.0,1.0,0.0,1.0,0.0,0.3144,0.0
Re-Te,0.6499999999999999,0.20000000000000018,1.1762879999999996,1.0,9.0,2.0,23.0,0.5,0.5,0.0,0.5,0.0,0.3144,0.1307
Re-Ti,0.11999999999999988,0.3599999999999999,1.0053999999999998,2.0,3.0,0.0,53.0,0.0,1.0,0.0,1.0,0.0,0.3144,0.1078
Re-V,0.16999999999999993,0.27,1.087333,2.0,2.0,0.0,52.0,0.0,1.0,0.0,1.0,0.0,0.3144,0.0
Re-W,0.050000000000000044,0.45999999999999996,0.030509999999999593,0.0,1.0,0.0,1.0,0.0,1.0,0.0,1.0,0.0,0.3144,0.0
Re-Y,0.2400000000000002,0.6799999999999999,1.6162600000000005,1.0,4.0,0.0,36.0,0.0,1.0,0.0,1.0,0.0,0.3144,0.1242
Re-Zn,0.45999999999999996,0.25,1.560677,2.0,5.0,0.0,45.0,0.0,1.0,0.0,1.0,0.0,0.3144,0.0677
Re-Zr,0.18000000000000016,0.5699999999999998,1.1993939999999998,1.0,3.0,0.0,35.0,0.0,1.0,0.0,1.0,0.0,0.3144,0.0808
Rh-Ru,0.050000000000000044,0.07999999999999963,0.09839999999999982,0.0,1.0,0.0,1.0,0.0,1.0,0.0,1.0,0.0,0.3299,0.6074
Rh-Sb,0.3999999999999999,0.22999999999999998,1.1494890000000009,0.0,6.0,2.0,6.0,0.5,0.5,0.0,0.5,0.0,0.3299,0.0
Rh-Sc,0.1100000000000001,0.9199999999999997,0.8974099999999998,1.0,6.0,1.0,24.0,0.0,1.0,0.0,1.0,0.0,0.3299,0.1053
Rh-Si,0.6199999999999999,0.3799999999999999,0.6927800000000008,2.0,5.0,1.0,31.0,0.5,0.5,0.0,0.5,0.0,0.3299,0.0109
Rh-Sn,0.28,0.31999999999999984,0.11498199999999947,0.0,5.0,1.0,5.0,0.0,0.5,0.5,1.0,0.0,0.3299,0.0132
Rh-Ta,0.27,0.7799999999999998,0.09067100000000039,1.0,4.0,1.0,28.0,0.0,1.0,0.0,1.0,0.0,0.3299,0.0
Rh-Te,0.5,0.17999999999999972,1.5509079999999997,0.0,7.0,3.0,7.0,0.5,0.5,0.0,0.5,0.0,0.3299,0.1307
Rh-Ti,0.030000000000000027,0.7399999999999998,0.6307799999999997,1.0,5.0,1.0,23.0,0.0,1.0,0.0,1.0,0.0,0.3299,0.1078
Rh-V,0.020000000000000018,0.6499999999999999,0.7127129999999999,1.0,4.0,1.0,22.0,0.0,1.0,0.0,1.0,0.0,0.3299,0.0
Rh-W,0.19999999999999996,0.08000000000000007,0.40512999999999977,1.0,3.0,1.0,29.0,0.0,1.0,0.0,1.0,0.0,0.3299,0.0
Rh-Y,0.3900000000000001,1.0599999999999998,1.2416400000000003,0.0,6.0,1.0,6.0,0.0,1.0,0.0,1.0,0.0,0.3299,0.1242
Rh-Zn,0.31000000000000005,0.6299999999999999,1.9352970000000003,1.0,3.0,1.0,15.0,0.0,1.0,0.0,1.0,0.0,0.3299,0.0677
Rh-Zr,0.33000000000000007,0.9499999999999997,0.8247739999999997,0.0,5.0,1.0,5.0,0.0,1.0,0.0,1.0,0.0,0.3299,0.0808
Ru-Sb,0.44999999999999996,0.15000000000000036,1.2478890000000007,0.0,7.0,2.0,7.0,0.5,0.5,0.0,0.5,0.0,0.6074,0.0
Ru-Sc,0.06000000000000005,0.8400000000000001,0.79901,1.0,5.0,1.0,23.0,0.0,1.0,0.0,1.0,0.0,0.6074,0.1053
Ru-Si,0.6699999999999999,0.30000000000000027,0.7911800000000007,2.0,6.0,1.0,30.0,0.5,0.5,0.0,0.5,0.0,0.6074,0.0109
Ru-Sn,0.33000000000000007,0.2400000000000002,0.016581999999999653,0.0,6.0,1.0,6.0,0.0,0.5,0.5,1.0,0.0,0.6074,0.0132
Ru-Ta,0.21999999999999997,0.7000000000000002,0.1890710000000002,1.0,3.0,1.0,29.0,0.0,1.0,0.0,1.0,0.0,0.6074,0.0
Ru-Te,0.55,0.10000000000000009,1.6493079999999996,0.0,8.0,3.0,8.0,0.5,0.5,0.0,0.5,0.0,0.6074,0.1307
Ru-Ti,0.020000000000000018,0.6600000000000001,0.5323799999999999,1.0,4.0,1.0,22.0,0.0,1.0,0.0,1.0,0.0,0.6074,0.1078
Ru-V,0.07000000000000006,0.5700000000000003,0.6143130000000001,1.0,3.0,1.0,21.0,0.0,1.0,0.0,1.0,0.0,0.6074,0.0
Ru-W,0.1499999999999999,0.1599999999999997,0.5035299999999996,1.0,2.0,1.0,30.0,0.0,1.0,0.0,1.0,0.0,0.6074,0.0
Ru-Y,0.3400000000000001,0.9800000000000002,1.1432400000000005,0.0,5.0,1.0,5.0,0.0,1.0,0.0,1.0,0.0,0.6074,0.1242
Ru-Zn,0.3600000000000001,0.5500000000000003,2.033697,1.0,4.0,1.0,14.0,0.0,1.0,0.0,1.0,0.0,0.6074,0.0677
Ru-Zr,0.28,0.8700000000000001,0.7263739999999999,0.0,4.0,1.0,4.0,0.0,1.0,0.0,1.0,0.0,0.6074,0.0808
Sb-Sc,0.51,0.6899999999999997,2.0468990000000007,1.0,12.0,1.0,30.0,0.5,0.5,0.0,0.5,0.0,0.0,0.1053
Sb-Si,0.21999999999999997,0.1499999999999999,0.45670900000000003,2.0,1.0,1.0,37.0,1.0,0.0,0.0,0.0,0.0,0.0,0.0109
Sb-Sn,0.11999999999999988,0.08999999999999986,1.2644710000000003,0.0,1.0,1.0,1.0,0.5,0.0,0.5,0.5,0.0,0.0,0.0132
Sb-Ta,0.6699999999999999,0.5499999999999998,1.0588180000000005,1.0,10.0,1.0,22.0,0.5,0.5,0.0,0.5,0.0,0.0,0.0
Sb-Te,0.10000000000000009,0.050000000000000266,0.40141899999999886,0.0,1.0,1.0,1.0,1.0,0.0,0.0,0.0,0.0,0.0,0.1307
Sb-Ti,0.42999999999999994,0.5099999999999998,1.7802690000000005,1.0,11.0,1.0,29.0,0.5,0.5,0.0,0.5,0.0,0.0,0.1078
Sb-V,0.3799999999999999,0.41999999999999993,1.8622020000000008,1.0,10.0,1.0,28.0,0.5,0.5,0.0,0.5,0.0,0.0,0.0
Sb-W,0.5999999999999999,0.31000000000000005,0.7443590000000011,1.0,9.0,1.0,23.0,0.5,0.5,0.0,0.5,0.0,0.0,0.0
Sb-Y,0.79,0.8299999999999998,2.391129000000001,0.0,12.0,1.0,12.0,0.5,0.5,0.0,0.5,0.0,0.0,0.1242
Sb-Zn,0.08999999999999986,0.3999999999999999,0.7858079999999994,1.0,3.0,1.0,21.0,0.5,0.5,0.0,0.5,0.0,0.0,0.0677
Sb-Zr,0.73,0.7199999999999998,1.9742630000000005,0.0,11.0,1.0,11.0,0.5,0.5,0.0,0.5,0.0,0.0,0.0808
Sc-Si,0.73,0.5399999999999998,1.5901900000000007,1.0,11.0,0.0,7.0,0.5,0.5,0.0,0.5,0.0,0.1053,0.0109
Sc-Sn,0.3900000000000001,0.5999999999999999,0.7824280000000003,1.0,11.0,0.0,29.0,0.0,0.5,0.5,1.0,0.0,0.1053,0.0132
Sc-Ta,0.15999999999999992,0.1399999999999999,0.9880810000000002,2.0,2.0,0.0,52.0,0.0,1.0,0.0,1.0,0.0,0.1053,0.0
Sc-Te,0.6100000000000001,0.74,2.4483179999999996,1.0,13.0,2.0,31.0,0.5,0.5,0.0,0.5,0.0,0.1053,0.1307
Sc-Ti,0.08000000000000007,0.17999999999999994,0.26663000000000014,0.0,1.0,0.0,1.0,0.0,1.0,0.0,1.0,0.0,0.1053,0.1078
Sc-V,0.13000000000000012,0.2699999999999998,0.1846969999999999,0.0,2.0,0.0,2.0,0.0,1.0,0.0,1.0,0.0,0.1053,0.0
Sc-W,0.08999999999999986,0.9999999999999998,1.3025399999999996,2.0,3.0,0.0,53.0,0.0,1.0,0.0,1.0,0.0,0.1053,0.0
Sc-Y,0.28,0.14000000000000012,0.3442300000000005,1.0,0.0,0.0,18.0,0.0,1.0,0.0,1.0,0.0,0.1053,0.1242
Sc-Zn,0.42000000000000015,0.2899999999999998,2.832707,0.0,9.0,0.0,9.0,0.0,1.0,0.0,1.0,0.0,0.1053,0.0677
Sc-Zr,0.21999999999999997,0.030000000000000027,0.07263600000000014,1.0,1.0,0.0,19.0,0.0,1.0,0.0,1.0,0.0,0.1053,0.0808
Si-Sn,0.33999999999999986,0.06000000000000005,0.8077620000000003,2.0,0.0,0.0,36.0,0.5,0.0,0.5,0.5,0.0,0.0109,0.0132
Si-Ta,0.8899999999999999,0.3999999999999999,0.6021090000000004,3.0,9.0,0.0,59.0,0.5,0.5,0.0,0.5,0.0,0.0109,0.0
Si-Te,0.11999999999999988,0.20000000000000018,0.8581279999999989,2.0,2.0,2.0,38.0,1.0,0.0,0.0,0.0,0.0,0.0109,0.1307
Si-Ti,0.6499999999999999,0.3599999999999999,1.3235600000000005,1.0,10.0,0.0,8.0,0.5,0.5,0.0,0.5,0.0,0.0109,0.1078
Si-V,0.5999999999999999,0.27,1.4054930000000008,1.0,9.0,0.0,9.0,0.5,0.5,0.0,0.5,0.0,0.0109,0.0
Si-W,0.8199999999999998,0.45999999999999996,0.28765000000000107,3.0,8.0,0.0,60.0,0.5,0.5,0.0,0.5,0.0,0.0109,0.0
Si-Y,1.01,0.6799999999999999,1.9344200000000011,2.0,11.0,0.0,25.0,0.5,0.5,0.0,0.5,0.0,0.0109,0.1242
Si-Zn,0.30999999999999983,0.25,1.2425169999999994,1.0,2.0,0.0,16.0,0.5,0.5,0.0,0.5,0.0,0.0109,0.0677
Si-Zr,0.95,0.5699999999999998,1.5175540000000005,2.0,10.0,0.0,26.0,0.5,0.5,0.0,0.5,0.0,0.0109,0.0808
Sn-Ta,0.55,0.45999999999999996,0.20565299999999986,1.0,9.0,0.0,23.0,0.0,0.5,0.5,1.0,0.0,0.0132,0.0
Sn-Te,0.21999999999999997,0.14000000000000012,1.6658899999999992,0.0,2.0,2.0,2.0,0.5,0.0,0.5,0.5,0.0,0.0132,0.1307
Sn-Ti,0.31000000000000005,0.41999999999999993,0.5157980000000002,1.0,10.0,0.0,28.0,0.0,0.5,0.5,1.0,0.0,0.0132,0.1078
Sn-V,0.26,0.33000000000000007,0.5977310000000005,1.0,9.0,0.0,27.0,0.0,0.5,0.5,1.0,0.0,0.0132,0.0
Sn-W,0.48,0.3999999999999999,0.5201119999999992,1.0,8.0,0.0,24.0,0.0,0.5,0.5,1.0,0.0,0.0132,0.0
Sn-Y,0.6700000000000002,0.74,1.1266580000000008,0.0,11.0,0.0,11.0,0.0,0.5,0.5,1.0,0.0,0.0132,0.1242
Sn-Zn,0.030000000000000027,0.31000000000000005,2.0502789999999997,1.0,2.0,0.0,20.0,0.0,0.5,0.5,1.0,0.0,0.0132,0.0677
Sn-Zr,0.6100000000000001,0.6299999999999999,0.7097920000000002,0.0,10.0,0.0,10.0,0.0,0.5,0.5,1.0,0.0,0.0132,0.0808
Ta-Te,0.77,0.6000000000000001,1.4602369999999993,1.0,11.0,2.0,21.0,0.5,0.5,0.0,0.5,0.0,0.0,0.1307
Ta-Ti,0.24,0.040000000000000036,0.7214510000000001,2.0,1.0,0.0,51.0,0.0,1.0,0.0,1.0,0.0,0.0,0.1078
Ta-V,0.29000000000000004,0.1299999999999999,0.8033840000000003,2.0,0.0,0.0,50.0,0.0,1.0,0.0,1.0,0.0,0.0,0.0
Ta-W,0.07000000000000006,0.8599999999999999,0.3144589999999994,0.0,1.0,0.0,1.0,0.0,1.0,0.0,1.0,0.0,0.0,0.0
Ta-Y,0.1200000000000001,0.28,1.3323110000000007,1.0,2.0,0.0,34.0,0.0,1.0,0.0,1.0,0.0,0.0,0.1242
Ta-Zn,0.5800000000000001,0.1499999999999999,1.8446259999999999,2.0,7.0,0.0,43.0,0.0,1.0,0.0,1.0,0.0,0.0,0.0677
Ta-Zr,0.06000000000000005,0.16999999999999993,0.9154450000000001,1.0,1.0,0.0,33.0,0.0,1.0,0.0,1.0,0.0,0.0,0.0808
Te-Ti,0.53,0.56,2.1816879999999994,1.0,12.0,2.0,30.0,0.5,0.5,0.0,0.5,0.0,0.1307,0.1078
Te-V,0.48,0.4700000000000002,2.2636209999999997,1.0,11.0,2.0,29.0,0.5,0.5,0.0,0.5,0.0,0.1307,0.0
Te-W,0.7,0.2599999999999998,1.145778,1.0,10.0,2.0,22.0,0.5,0.5,0.0,0.5,0.0,0.1307,0.0
Te-Y,0.8900000000000001,0.8800000000000001,2.792548,0.0,13.0,2.0,13.0,0.5,0.5,0.0,0.5,0.0,0.1307,0.1242
Te-Zn,0.18999999999999995,0.4500000000000002,0.38438900000000054,1.0,4.0,2.0,22.0,0.5,0.5,0.0,0.5,0.0,0.1307,0.0677
Te-Zr,0.8300000000000001,0.77,2.3756819999999994,0.0,12.0,2.0,12.0,0.5,0.5,0.0,0.5,0.0,0.1307,0.0808
Ti-V,0.050000000000000044,0.08999999999999986,0.08193300000000026,0.0,1.0,0.0,1.0,0.0,1.0,0.0,1.0,0.0,0.1078,0.0
Ti-W,0.16999999999999993,0.8199999999999998,1.0359099999999994,2.0,2.0,0.0,52.0,0.0,1.0,0.0,1.0,0.0,0.1078,0.0
Ti-Y,0.3600000000000001,0.32000000000000006,0.6108600000000006,1.0,1.0,0.0,17.0,0.0,1.0,0.0,1.0,0.0,0.1078,0.1242
Ti-Zn,0.3400000000000001,0.10999999999999988,2.566077,0.0,8.0,0.0,8.0,0.0,1.0,0.0,1.0,0.0,0.1078,0.0677
Ti-Zr,0.30000000000000004,0.20999999999999996,0.193994,1.0,0.0,0.0,18.0,0.0,1.0,0.0,1.0,0.0,0.1078,0.0808
V-W,0.21999999999999997,0.73,1.1178429999999997,2.0,1.0,0.0,51.0,0.0,1.0,0.0,1.0,0.0,0.0,0.0
V-Y,0.41000000000000014,0.4099999999999999,0.5289270000000004,1.0,2.0,0.0,16.0,0.0,1.0,0.0,1.0,0.0,0.0,0.1242
V-Zn,0.29000000000000004,0.020000000000000018,2.64801,0.0,7.0,0.0,7.0,0.0,1.0,0.0,1.0,0.0,0.0,0.0677
V-Zr,0.3500000000000001,0.2999999999999998,0.11206099999999974,1.0,1.0,0.0,17.0,0.0,1.0,0.0,1.0,0.0,0.0,0.0808
W-Y,0.19000000000000017,1.14,1.64677,1.0,3.0,0.0,35.0,0.0,1.0,0.0,1.0,0.0,0.0,0.1242
W-Zn,0.51,0.71,1.5301670000000005,2.0,6.0,0.0,44.0,0.0,1.0,0.0,1.0,0.0,0.0,0.0677
W-Zr,0.13000000000000012,1.0299999999999998,1.2299039999999994,1.0,2.0,0.0,34.0,0.0,1.0,0.0,1.0,0.0,0.0,0.0808
Y-Zn,0.7000000000000002,0.42999999999999994,3.1769370000000006,1.0,9.0,0.0,9.0,0.0,1.0,0.0,1.0,0.0,0.1242,0.0677
Y-Zr,0.06000000000000005,0.1100000000000001,0.4168660000000006,0.0,1.0,0.0,1.0,0.0,1.0,0.0,1.0,0.0,0.1242,0.0808
Zn-Zr,0.6400000000000001,0.31999999999999984,2.760071,1.0,8.0,0.0,10.0,0.0,1.0,0.0,1.0,0.0,0.0677,0.0808
